Transcript,0.5,0.6,0.65,0.7,0.75,0.8,0.85,0.9,0.95,0.97
IFC66_S31_L002_Contig1842_frame_-2_DBLa0.1_domNum1_block5,7,9,10,14,18,22,27,36,41,41
IFM57_S30_L002_Contig1701_frame_-3_DBLa0.5_domNum2_block5,1,1,1,5,6,7,13,16,18,18
SXC2_S4_L001_Contig1892_frm3_orf4_DBLa0.11_domNum2_block5,19,32,37,48,56,62,77,93,107,107
IFM050_S11_Contig3438_frm3_orf5_DBLa0.3_domNum2_block5,17,22,23,31,53,59,115,137,160,160
IFM054_S12_Contig880_frame_3_DBLa0.11_domNum2_block5,24,35,43,57,71,77,133,163,197,197
SFC13_S23_L002_Contig2410_frame_1_DBLa0.5_domNum1_block5,14,19,20,27,63,69,86,103,119,119
SFC22_S9_L001_Contig1467_frm2_orf3_DBLa0.15_domNum2_block5,2,2,5,7,10,12,16,22,25,25
SFM-10_S1_L001_7183_soapGraphK61_frame_-2_DBLa0.13_domNum2_block5,6,7,8,12,16,20,25,34,39,39
IFM26_S8_Contig97_frame_2_DBLa0.5_domNum2_block5,2,2,2,2,9,11,15,21,24,24
IFM12_S16_Contig495_frame_3_DBLa0.3_domNum2_block5,17,22,23,31,35,41,61,75,85,85
SFM-1_S11_L001_Contig1596_frm-3_orf3_DBLa1.2_domNum2_block5,16,21,22,29,33,39,45,81,92,92
IFM047_S10_Contig1022_frame_-2_DBLa0.15_domNum2_block5,11,16,26,51,59,65,89,106,122,122
IFD8_S2_Contig1034_frame_2_DBLa0.9_domNum2_block5,33,48,62,80,104,110,150,190,232,232
IFM26_S8_Contig447_frame_3_DBLa0.19_domNum2_block5,38,53,67,85,111,118,158,201,250,250
IFC66_S31_L002_Contig654_frm-2_orf5_DBLa1.1_domNum2_block5,18,23,24,34,38,44,64,78,88,88
SFC-21_S22_L002_Contig2708_frame_-2_DBLa0.16_domNum2_block5,8,10,11,15,19,23,28,37,42,42
SFC17_S7_L001_Contig1172_frm-3_orf6_DBLa0.9_domNum2_block5,30,45,57,75,99,105,145,182,224,224
SFC16_S6_L001_Contig993_frame_2_DBLa0.18_domNum2_block5,17,22,45,59,74,80,102,121,138,138
IFM061_S15_Contig920_frame_-3_DBLa0.16_domNum2_block5,20,27,29,38,42,48,55,68,77,77
SFU-3_S21_L002_Contig1057_frame_-1_DBLa0.3_domNum1_block5,17,30,33,43,48,54,63,77,87,87
SFC15-CM_S29_L002_Contig1483_frm-3_orf4_DBLa0.9_domNum2_block5,6,7,8,11,15,30,35,44,50,50
IFM26_S8_Contig645_frame_-1_DBLa0.11_domNum2_block5,12,17,18,25,29,35,132,162,196,196
SFC16_S6_L001_Contig1788_frame_-2_DBLa0.11_domNum2_block5,3,3,3,4,4,4,4,4,5,5
IFC66_S31_L002_Contig1581_frame_-3_DBLa0.5_domNum1_block5,2,2,2,2,9,11,15,20,23,23
SFC13_S23_L002_Contig1754_frame_-2_DBLa0.12_domNum2_block5,13,18,40,52,61,67,90,114,130,130
IFM53_S14_L001_Contig1706_frm3_orf14_DBLa1.4_domNum2_block5,19,25,27,36,40,46,52,64,73,73
SFC22_S9_L001_Contig2847_frame_2_DBLa2_domNum2_block5,2,2,2,3,3,5,5,6,7,7
IFM058_S13_Contig803_frame_1_DBLa0.15_domNum2_block5,9,12,13,18,22,26,36,45,51,51
IFM24_S5_Contig812_frame_3_DBLa0.13_domNum2_block5,12,17,18,42,47,53,60,74,84,84
IFM26_S8_Contig335_frame_1_DBLa0.16_domNum2_block5,15,20,21,28,32,38,72,87,100,100
SFC17_S7_L001_5477_soapGraphK61_frame_-2_DBLa0.8_domNum2_block5,11,16,17,24,28,34,88,105,121,121
IFM061_S15_Contig494_frame_3_DBLa0.9_domNum2_block5,11,16,26,51,59,65,85,102,118,118
IFM047_S10_Contig1045_frame_-2_DBLa0.9_domNum2_block5,11,16,17,23,27,33,39,51,82,82
IFM061_S15_Contig774_frame_3_DBLa0.3_domNum1_block5,17,22,23,31,35,41,47,70,93,93
IFM56_S15_Contig1233_frm-1_orf4_DBLa0.4_domNum2_block5,17,30,33,43,48,54,134,164,199,199
IFM27_S9_1778_soapGraphK61_frame_-1_DBLa0.5_domNum2_block5,12,17,18,42,47,53,60,74,148,148
IFM050_S11_Contig3739_frame_1_DBLa0.6_domNum2_block5,17,22,23,31,35,41,47,70,132,132
IFM047_S10_Contig1626_frame_-2_DBLa0.3_domNum2_block5,17,30,33,43,48,54,63,77,87,87
IFM054_S12_Contig894_frame_-1_DBLa0.9_domNum1_block5,30,45,57,75,99,105,145,182,224,224
IFM26_S8_Contig631_frame_-2_DBLa0.3_domNum2_block5,17,22,34,44,50,56,75,90,103,103
IFM-049_S6_Contig14773_frame_2_DBLa0.4_domNum2_block5,17,22,41,55,67,73,94,111,191,191
SFC13_S23_L002_Contig1971_frame_2_DBLa0.12_domNum2_block5,13,18,40,52,61,67,82,99,114,114
IFM53_S14_L001_Contig2715_frame_-1_DBLa0.13_domNum2_block5,12,17,18,42,47,53,60,74,84,84
IFC66_S31_L002_Contig1574_frame_-3_DBLa0.10_domNum2_block5,30,45,57,75,99,105,145,186,228,228
IFC63_S16_L001_Contig2083_frame_-3_DBLa0.8_domNum2_block5,11,16,17,24,28,34,88,105,121,121
SFM-10_S1_L001_Contig2581_frame_3_DBLa0.1_domNum2_block5,5,6,7,9,12,14,19,26,29,29
SFM-10_S1_L001_Contig572_frame_1_DBLa0.12_domNum2_block5,13,18,40,52,61,67,82,99,114,114
IFM050_S11_8354_soapGraphK61_frame_-1_DBLa0.12_domNum2_block5,13,18,40,52,61,67,82,125,198,198
IFM-049_S6_Contig33205_frame_-3_DBLa0.3_domNum2_block5,17,22,34,44,50,56,75,90,103,103
SFM-3_S12_L001_Contig1463_frame_1_DBLa0.18_domNum2_block5,17,22,23,31,35,41,47,70,79,79
IFM57_S30_L002_Contig993_frame_3_DBLa1.7_domNum2_block5,18,40,51,65,85,91,118,140,163,163
SFC16_S6_L001_Contig1630_frame_3_DBLa0.5_domNum2_block5,31,44,56,74,98,104,144,187,229,229
SFM-8_S8_L001_Contig3607_frame_1_DBLa2_domNum2_block5,2,2,2,3,3,5,5,6,7,7
SFC22_S9_L001_8670_soapGraphK61_frame_-2_DBLa0.11_domNum2_block5,17,26,28,37,41,47,54,66,75,75
IFM-049_S6_Contig39492_frame_-3_DBLa0.10_domNum1_block5,30,45,57,75,99,105,145,186,228,228
SFM-8_S8_L001_Contig2436_frame_1_DBLa0.18_domNum2_block5,17,22,23,31,53,59,71,86,99,99
SFC13_S23_L002_Contig2451_frame_2_DBLa0.9_domNum2_block5,11,16,17,23,27,33,39,51,65,65
IFM14_S7_2959_soapGraphK61_frame_3_DBLa0.13_domNum2_block5,31,44,56,74,98,104,144,187,245,245
IFM27_S9_Contig594_frm-3_orf3_DBLa0.5_domNum2_block5,25,37,46,60,75,81,103,122,139,139
IFM57_S30_L002_Contig1534_frame_-1_DBLa0.18_domNum2_block5,17,22,23,31,53,59,71,86,99,99
IFM047_S10_Contig1549_frm3_orf4_DBLa0.9_domNum2_block5,11,16,17,23,27,33,106,126,145,145
IFM21_S3_Contig478_frm2_orf4_DBLa0.13_domNum2_block5,15,24,25,33,37,43,49,61,70,70
IFM12_S16_Contig844_frame_-2_DBLa0.13_domNum2_block5,36,51,65,86,112,119,160,203,252,252
IFM058_S13_Contig1050_frame_2_DBLa0.15_domNum1_block5,31,44,56,74,98,104,144,181,222,222
SFC15-CM_S29_L002_8149_soapGraphK51_frame_2_DBLa0.5_domNum1_block5,11,16,26,35,39,45,53,65,96,96
IFM26_S8_Contig324_frame_-1_DBLa0.11_domNum1_block5,17,26,28,37,41,47,54,66,75,75
IFM53_S14_L001_Contig1658_frame_2_DBLa0.6_domNum2_block5,13,18,19,26,30,36,42,54,61,61
SFM-6_S3_L001_Contig1750_frame_-3_DBLa0.9_domNum1_block5,30,45,58,76,100,106,146,183,225,225
IFM054_S12_Contig743_frame_-1_DBLa0.9_domNum2_block5,11,16,17,23,27,33,106,126,145,145
IFC63_S16_L001_Contig1120_frm1_orf2_DBLa0.13_domNum2_block5,6,7,8,12,16,20,25,34,39,39
IFM57_S30_L002_Contig1721_frame_-1_DBLa0.15_domNum2_block5,22,33,39,50,58,64,79,95,109,109
SFC22_S9_L001_Contig3178_frame_3_DBLa0.16_domNum2_block5,20,27,29,38,42,48,55,68,77,77
IFC66_S31_L002_Contig1803_frame_3_DBLa0.1_domNum1_block5,40,55,69,88,114,122,164,207,258,258
SFC-21_S22_L002_Contig2368_frm-1_orf4_DBLa0.16_domNum2_block5,37,52,66,84,110,117,161,204,253,253
IFM047_S10_Contig1660_frm-2_orf1_DBLa0.9_domNum2_block5,33,48,62,80,104,110,150,190,232,232
IFM047_S10_Contig1242_frm2_orf0_DBLa0.15_domNum1_block5,6,7,8,11,15,19,24,33,38,38
SFC17_S7_L001_Contig2002_frame_1_DBLa0.9_domNum2_block5,11,16,17,23,27,33,62,142,166,166
IFC66_S31_L002_Contig1576_frame_-2_DBLa0.11_domNum2_block5,6,7,8,12,16,20,25,47,53,53
IFM23_S4_Contig587_frm1_orf2_DBLa0.10_domNum2_block5,30,45,57,75,99,105,145,186,228,228
IFM050_S11_Contig3788_frame_1_DBLa0.1_domNum2_block5,12,17,18,25,29,35,98,116,219,219
SFM-8_S8_L001_Contig3596_frm2_orf4_DBLa1.5_domNum2_block5,18,40,51,65,85,91,118,140,165,165
SFM-8_S8_L001_Contig1517_frame_1_DBLa0.18_domNum2_block5,17,22,23,31,35,41,47,70,79,79
SFC13_S23_L002_Contig2467_frame_-3_DBLa0.1_domNum1_block5,3,3,3,4,4,4,4,17,20,20
SFM-10_S1_L001_Contig2456_frame_-3_DBLa0.21_domNum2_block5,13,18,40,67,87,93,120,143,192,192
SFC17_S7_L001_Contig1734_frame_-1_DBLa0.9_domNum2_block5,11,16,26,51,59,65,80,96,111,111
IFM054_S12_Contig1099_frm2_orf3_DBLa0.5_domNum2_block5,2,2,2,3,3,3,14,18,21,21
SFC-18_S20_L002_Contig1910_frame_-3_DBLa0.15_domNum2_block5,37,52,66,84,110,120,162,205,255,255
SFM-8_S8_L001_Contig3598_frame_3_DBLa0.8_domNum2_block5,11,16,17,24,79,85,109,130,151,151
SFC13_S23_L002_Contig2737_frm-3_orf4_DBLa1.8_domNum2_block5,16,21,22,29,60,66,81,97,112,112
IFM058_S13_Contig843_frame_2_DBLa0.13_domNum2_block5,30,46,59,77,101,107,147,184,226,226
IFM21_S3_Contig355_frame_1_DBLa1.1_domNum2_block5,18,23,24,34,38,44,64,78,88,88
SFM-3_S12_L001_Contig2000_frm-1_orf4_DBLa2_domNum2_block5,17,22,23,31,65,71,108,129,150,150
SFC22_S9_L001_Contig2330_frame_-3_DBLa0.5_domNum2_block5,15,20,21,28,32,38,72,152,179,179
SFC22_S9_L001_Contig3199_frame_2_DBLa0.7_domNum2_block5,6,7,8,11,15,19,24,33,37,37
IFM23_S4_Contig235_frame_3_DBLa0.5_domNum2_block5,31,44,56,74,98,104,144,181,223,223
IFM050_S11_Contig3760_frame_2_DBLa1.7_domNum2_block5,23,34,42,56,69,75,96,113,129,129
IFM054_S12_Contig989_frame_-3_DBLa1.8_domNum1_block5,16,29,32,41,83,89,114,136,159,159
SFC-023_S32_L002_Contig803_frame_2_DBLa1.4_domNum2_block5,18,23,24,32,36,42,48,60,69,69
SFU2_S5_L001_Contig1447_frm-2_orf7_DBLa0.5_domNum2_block5,11,16,26,35,39,45,53,65,96,96
IFC66_S31_L002_Contig1727_frm-1_orf4_DBLa0.6_domNum2_block5,13,18,36,46,54,60,73,88,101,101
IFM21_S3_Contig775_frame_1_DBLa0.13_domNum2_block5,12,17,18,42,47,53,60,74,84,84
IFC66_S31_L002_Contig1861_frm-2_orf16_DBLa1.6_domNum2_block5,19,25,53,69,89,95,122,145,169,169
SXC2_S4_L001_Contig1432_frame_-1_DBLa1.2_domNum1_block5,16,21,22,29,60,66,81,98,113,113
SFC13_S23_L002_Contig2457_frame_-1_DBLa0.1_domNum2_block5,5,5,6,8,13,17,22,31,35,35
SFM-1_S11_L001_Contig1884_frm3_orf5_DBLa2_domNum2_block5,17,31,35,45,51,57,69,84,97,97
IFM57_S30_L002_Contig1547_frame_-1_DBLa0.10_domNum2_block5,17,22,23,31,35,41,47,59,68,68
SFM-8_S8_L001_Contig2472_frm2_orf16_DBLa0.16_domNum2_block5,29,42,54,72,96,102,142,179,220,220
IFM12_S16_Contig838_frm-2_orf2_DBLa0.18_domNum2_block5,15,24,30,39,66,72,92,109,125,125
IFM061_S15_Contig903_frame_3_DBLa0.8_domNum2_block5,11,16,17,24,28,34,88,105,121,121
SFM-3_S12_L001_Contig1754_frame_1_DBLa0.5_domNum2_block5,31,44,56,74,98,104,144,181,223,223
IFM050_S11_8042_soapGraphK61_frame_3_DBLa0.21_domNum2_block5,13,18,19,53,62,68,84,101,117,117
IFC63_S16_L001_Contig1914_frame_2_DBLa0.13_domNum2_block5,37,52,66,84,110,117,157,200,254,254
SFC14_S17_L001_Contig2409_frame_1_DBLa0.1_domNum2_block5,36,51,65,83,109,116,156,199,248,248
IFM058_S13_Contig438_frame_-2_DBLa0.5_domNum2_block5,30,46,59,77,101,107,147,184,226,226
SFM-8_S8_L001_10286_soapGraphK61_frame_-1_DBLa0.11_domNum2_block5,12,17,18,25,29,35,41,53,60,60
SFU2_S5_L001_Contig1471_frm3_orf3_DBLa0.5_domNum2_block5,2,2,2,3,5,6,6,9,10,10
IFC66_S31_L002_5316_soapGraphK61_frame_2_DBLa0.23_domNum2_block5,11,16,26,35,39,45,74,89,102,102
IFM12_S16_Contig681_frame_1_DBLa0.18_domNum2_block5,19,32,37,48,95,101,140,175,212,212
SFC17_S7_L001_Contig1709_frame_-3_DBLa1.1_domNum1_block5,18,23,24,34,38,44,50,62,71,71
IFM050_S11_8380_soapGraphK61_frame_-2_DBLa0.11_domNum2_block5,24,35,43,57,71,77,99,117,134,134
SFC22_S9_L001_Contig3204_frm-2_orf3_DBLa0.6_domNum2_block5,30,45,58,76,100,106,146,183,225,225
SFM-6_S3_L001_Contig2025_frame_-2_DBLa0.12_domNum2_block5,13,18,40,52,61,67,82,125,144,144
SFM-10_S1_L001_7135_soapGraphK61_frame_3_DBLa0.16_domNum2_block5,8,10,11,15,19,23,28,37,42,42
SXC2_S4_L001_Contig1886_frame_-2_DBLa0.5_domNum2_block5,12,17,18,42,47,53,60,74,148,148
IFM058_S13_Contig1035_frame_-1_DBLa0.4_domNum2_block5,17,22,23,70,90,96,125,150,177,177
SFU2_S5_L001_Contig1718_frame_-1_DBLa0.5_domNum2_block5,6,7,8,12,16,20,25,34,39,39
SFC22_S9_L001_Contig2819_frame_2_DBLa0.11_domNum2_block5,17,26,28,37,41,47,54,66,75,75
SFC22_S9_L001_Contig2722_frame_1_DBLa0.11_domNum2_block5,12,17,18,25,29,35,41,53,60,60
SFC19_S24_L002_Contig720_frm3_orf4_DBLa1.6_domNum2_block5,16,29,32,41,46,52,59,173,210,210
SFC-21_S22_L002_Contig2102_frame_-1_DBLa0.24_domNum2_block5,5,5,6,8,11,16,21,28,31,31
IFM53_S14_L001_Contig2097_frame_1_DBLa0.12_domNum2_block5,13,18,40,52,61,67,82,125,144,144
IFC66_S31_L002_Contig1859_frame_2_DBLa0.9_domNum2_block5,11,16,17,23,27,33,39,51,82,82
SFM-6_S3_L001_Contig1738_frame_-3_DBLa0.5_domNum1_block5,11,16,26,35,39,45,53,65,74,74
SFC15-CM_S29_L002_Contig1968_frm-3_orf5_DBLa1.1_domNum2_block5,18,23,24,34,38,44,64,78,88,88
SFU2_S5_L001_Contig1888_frame_-2_DBLa0.16_domNum2_block5,20,27,29,38,42,48,55,68,77,77
SXC2_S4_L001_Contig1699_frm-3_orf9_DBLa1.4_domNum2_block5,18,23,24,32,36,42,48,60,69,69
IFC66_S31_L002_Contig1800_frame_3_DBLa0.20_domNum2_block5,36,51,65,83,109,123,165,208,259,259
IFM058_S13_Contig883_frame_3_DBLa0.3_domNum2_block5,17,30,33,43,48,54,63,77,87,87
IFM050_S11_Contig2883_frm-3_orf5_DBLa0.4_domNum2_block5,17,22,41,55,67,73,94,111,173,173
IFM050_S11_Contig3698_frame_1_DBLa0.11_domNum1_block5,15,20,21,28,49,55,65,79,152,152
IFM57_S30_L002_Contig1550_frame_-1_DBLa0.9_domNum2_block5,15,24,30,39,44,50,57,118,135,135
SXC2_S4_L001_Contig1889_frame_-3_DBLa0.5_domNum2_block5,2,2,2,3,3,5,5,6,12,12
IFM050_S11_Contig1857_frame_3_DBLa0.10_domNum2_block5,30,45,58,76,100,112,152,194,238,238
IFC63_S16_L001_Contig2095_frm-2_orf5_DBLa1.1_domNum2_block5,18,23,24,34,38,44,64,78,88,88
SFM-6_S3_L001_Contig1024_frm-2_orf0_DBLa0.5_domNum1_block5,17,26,28,37,52,58,70,85,98,98
SFM-7_S13_L001_Contig1886_frame_1_DBLa0.13_domNum1_block5,37,52,66,84,110,117,157,200,254,254
SFC22_S9_L001_Contig1879_frame_1_DBLa0.15_domNum2_block5,5,5,6,8,11,16,21,28,31,31
IFM047_S10_Contig1244_frame_3_DBLa0.9_domNum2_block5,11,16,26,51,59,65,89,106,122,122
SXC2_S4_L001_Contig1885_frame_-2_DBLa0.9_domNum2_block5,17,22,23,31,35,41,67,82,94,94
IFM061_S15_Contig904_frame_1_DBLa0.3_domNum2_block5,17,22,34,44,50,56,75,90,103,103
IFM27_S9_Contig510_frame_1_DBLa0.5_domNum2_block5,2,2,2,3,3,3,14,24,27,27
SFC16_S6_L001_4405_soapGraphK61_frame_1_DBLa0.5_domNum2_block5,14,19,20,27,63,69,86,103,119,119
IFM57_S30_L002_Contig1698_frame_3_DBLa0.8_domNum2_block5,11,16,17,24,79,85,109,130,151,151
IFM061_S15_Contig323_frame_2_DBLa0.9_domNum2_block5,11,16,17,23,27,33,62,142,166,166
IFC66_S31_L002_Contig1857_frame_-2_DBLa0.9_domNum2_block5,11,16,17,23,27,33,39,51,58,58
IFC66_S31_L002_Contig1749_frame_-2_DBLa0.1_domNum1_block5,5,5,6,8,13,17,22,30,33,33
IFM-049_S6_Contig40805_frame_3_DBLa0.13_domNum2_block5,30,43,55,73,97,103,143,180,237,237
SFM-1_S11_L001_Contig1198_frame_1_DBLa1.4_domNum1_block5,19,25,27,36,40,46,52,64,73,73
IFM53_S14_L001_Contig1601_frame_1_DBLa0.13_domNum2_block5,37,52,66,84,110,117,157,200,254,254
SFM-8_S8_L001_Contig2437_frame_-1_DBLa1.8_domNum2_block5,18,23,24,34,38,44,50,62,71,71
SFM-5_S2_L001_Contig1387_frame_-1_DBLa1.1_domNum1_block5,18,23,24,34,38,44,64,78,88,88
IFC66_S31_L002_Contig1845_frame_2_DBLa0.4_domNum2_block5,17,22,23,70,90,96,125,149,175,175
IFM24_S5_Contig918_frame_-1_DBLa0.9_domNum2_block5,17,22,23,31,35,41,67,82,94,94
SFM-8_S8_L001_Contig2970_frame_3_DBLa0.22_domNum2_block5,15,20,21,28,32,38,44,56,115,115
IFM054_S12_Contig990_frame_-2_DBLa0.9_domNum2_block5,30,45,57,75,99,105,145,182,224,224
SFM-10_S1_L001_Contig2543_frame_2_DBLa0.12_domNum2_block5,13,18,40,52,68,74,95,112,128,128
SFC16_S6_L001_Contig1629_frame_-3_DBLa0.5_domNum2_block5,14,19,20,27,63,69,86,103,119,119
IFM24_S5_Contig829_frame_1_DBLa0.3_domNum2_block5,27,39,50,64,84,90,117,139,162,162
IFM050_S11_Contig2306_frm-2_orf5_DBLa1.1_domNum2_block5,18,23,24,34,38,44,64,78,91,91
IFM047_S10_Contig1447_frm-2_orf3_DBLa1.7_domNum2_block5,18,40,51,71,91,97,126,153,180,180
SFC22_S9_L001_Contig2807_frm2_orf3_DBLa0.17_domNum2_block5,3,3,3,4,4,4,4,4,4,4
IFD6_S1_Contig737_frame_-2_DBLa0.10_domNum2_block5,17,22,23,31,35,41,47,59,68,68
SFM-5_S2_L001_Contig1938_frame_-1_DBLa0.13_domNum2_block5,30,46,59,77,101,107,147,184,226,226
SFC-21_S22_L002_Contig1819_frame_2_DBLa0.15_domNum2_block5,38,53,67,85,111,118,158,201,257,257
SFC16_S6_L001_Contig1789_frm-2_orf5_DBLa1.1_domNum2_block5,18,23,24,34,38,44,64,78,91,91
SFM-8_S8_L001_Contig3559_frame_3_DBLa0.15_domNum1_block5,31,44,56,74,98,104,144,181,222,222
IFC66_S31_L002_5326_soapGraphK61_frame_1_DBLa0.15_domNum2_block5,5,5,6,8,11,15,20,29,32,32
SFC15-CM_S29_L002_Contig1962_frm-1_orf3_DBLa0.5_domNum2_block5,11,16,26,35,39,45,53,65,96,96
SFM-8_S8_L001_16151_soapGraphK51_frame_1_DBLa1.2_domNum2_block5,19,25,38,49,57,63,78,94,108,108
IFC66_S31_L002_Contig1828_frm-3_orf3_DBLa0.1_domNum2_block5,5,5,6,8,11,15,20,27,30,30
IFM26_S8_Contig555_frame_2_DBLa0.12_domNum2_block5,13,18,19,30,34,40,46,58,66,66
SFC13_S23_L002_Contig2698_frame_2_DBLa1.2_domNum1_block5,16,21,22,29,33,39,45,92,105,105
SFC13_S23_L002_Contig2646_frame_-3_DBLa0.11_domNum2_block5,17,26,28,37,41,47,54,66,75,75
SFM-8_S8_L001_Contig3536_frame_-2_DBLa1.4_domNum2_block5,19,25,38,49,57,63,78,94,108,108
SFC22_S9_L001_Contig2757_frame_-1_DBLa0.1_domNum2_block5,6,11,12,17,21,25,30,39,49,49
IFM047_S10_4738_soapGraphK61_frame_1_DBLa0.9_domNum2_block5,30,45,57,75,99,105,145,182,224,224
SFM-1_S11_L001_Contig1214_frm-2_orf9_DBLa1.2_domNum2_block5,16,21,22,29,33,39,45,81,92,92
IFM57_S30_L002_Contig1207_frame_-3_DBLa0.3_domNum1_block5,17,22,34,44,50,56,66,80,90,90
IFC66_S31_L002_Contig1762_frame_2_DBLa0.5_domNum2_block5,25,36,44,58,73,79,101,120,137,137
SFC17_S7_L001_Contig1738_frame_-1_DBLa0.8_domNum2_block5,11,16,17,24,28,34,88,105,121,121
SFM-8_S8_L001_Contig3151_frm-3_orf13_DBLa1.1_domNum2_block5,16,21,22,29,33,39,45,92,146,146
SFC17_S7_L001_5537_soapGraphK61_frame_-2_DBLa0.9_domNum2_block5,11,16,26,51,59,65,80,96,111,111
IFM12_S16_Contig835_frame_-3_DBLa0.9_domNum2_block5,11,16,17,23,27,33,39,51,67,67
IFD8_S2_Contig651_frame_1_DBLa0.9_domNum2_block5,11,16,17,23,27,33,106,126,145,145
IFM14_S7_Contig377_frame_-3_DBLa0.13_domNum2_block5,31,44,56,74,98,104,144,187,245,245
IFM27_S9_Contig330_frame_-3_DBLa0.3_domNum2_block5,17,22,34,44,50,56,75,90,103,103
IFC66_S31_L002_Contig1836_frame_-2_DBLa0.13_domNum1_block5,37,52,66,84,110,117,157,200,254,254
SFC19_S24_L002_Contig1853_frame_2_DBLa0.12_domNum2_block5,17,22,41,55,67,73,94,178,218,218
IFM57_S30_L002_Contig1291_frm1_orf3_DBLa0.5_domNum2_block5,12,17,18,42,47,53,60,74,84,84
SFM-8_S8_L001_Contig3586_frame_-3_DBLa0.19_domNum1_block5,39,54,68,87,113,121,163,206,256,256
IFM-049_S6_Contig40765_frame_3_DBLa0.6_domNum2_block5,13,18,19,26,30,36,42,54,61,61
IFM050_S11_7722_soapGraphK61_frame_3_DBLa0.18_domNum2_block5,17,22,23,31,35,41,47,70,79,79
SFC17_S7_L001_Contig1998_frm3_orf3_DBLa0.3_domNum2_block5,17,22,23,31,35,41,47,70,93,93
SFM-1_S11_L001_Contig1613_frm1_orf7_DBLa0.5_domNum2_block5,25,37,46,60,75,81,103,166,201,201
IFM23_S4_Contig696_frame_-2_DBLa0.6_domNum2_block5,13,18,19,26,30,36,42,54,61,61
SFC17_S7_L001_Contig1740_frm2_orf5_DBLa0.21_domNum2_block5,13,18,40,67,87,93,120,143,167,167
IFM054_S12_Contig831_frame_-3_DBLa0.5_domNum2_block5,25,37,47,61,76,82,104,123,140,140
IFM060_S14_Contig188_frame_3_DBLa0.7_domNum1_block5,13,18,19,30,43,49,56,69,78,78
IFM058_S13_Contig1085_frame_-3_DBLa0.3_domNum2_block5,17,30,33,43,48,54,63,77,87,87
IFC66_S31_L002_Contig1572_frame_2_DBLa0.12_domNum2_block5,30,45,58,76,100,106,146,183,225,225
IFM050_S11_Contig3743_frame_-3_DBLa0.11_domNum2_block5,17,26,28,37,41,47,54,66,75,75
SFM-1_S11_L001_Contig1870_frame_-2_DBLa0.9_domNum2_block5,17,22,23,31,82,88,113,135,158,158
SFU2_S5_L001_Contig1715_frame_2_DBLa0.9_domNum2_block5,17,22,23,31,35,41,67,82,94,94
IFC66_S31_L002_Contig1565_frame_3_DBLa0.3_domNum2_block5,17,30,33,43,48,54,63,77,87,87
IFM57_S30_L002_Contig1007_frm1_orf7_DBLa1.1_domNum2_block5,16,21,22,29,33,39,45,92,146,146
SFM-7_S13_L001_5208_soapGraphK61_frame_-3_DBLa0.13_domNum2_block5,31,44,56,74,98,104,144,187,245,245
IFM24_S5_Contig822_frame_3_DBLa0.12_domNum2_block5,13,18,40,52,68,74,95,112,128,128
SFC-18_S20_L002_Contig1723_frame_2_DBLa0.5_domNum1_block5,2,2,2,3,5,6,6,14,19,19
IFM-049_S6_Contig40786_frm-3_orf3_DBLa0.13_domNum2_block5,30,46,59,77,101,107,147,184,226,226
IFM27_S9_1788_soapGraphK61_frame_2_DBLa0.5_domNum2_block5,31,44,56,74,98,104,144,181,223,223
IFM53_S14_L001_Contig2121_frame_2_DBLa0.12_domNum2_block5,19,32,37,48,56,62,77,93,107,107
SXC2_S4_L001_Contig798_frame_-2_DBLa1.5_domNum2_block5,19,25,38,49,70,76,97,115,141,141
SFU-3_S21_L002_Contig913_frame_-3_DBLa2_domNum2_block5,17,22,23,31,65,71,108,129,150,150
IFM-049_S6_Contig41067_frame_2_DBLa0.23_domNum2_block5,11,16,26,35,39,45,51,63,72,72
SFC13_S23_L002_Contig2461_frame_1_DBLa0.5_domNum2_block5,31,44,56,74,98,104,144,187,229,229
SFC13_S23_L002_Contig2757_frm-1_orf9_DBLa0.6_domNum2_block5,17,22,23,31,35,41,47,70,132,132
IFM054_S12_2479_soapGraphK61_frame_1_DBLa0.11_domNum2_block5,24,35,43,57,71,77,99,117,134,134
IFM27_S9_Contig328_frame_1_DBLa1.2_domNum2_block5,16,29,32,41,72,78,100,119,136,136
SFM-7_S13_L001_Contig1891_frame_-1_DBLa0.5_domNum2_block5,37,52,66,84,110,117,157,200,261,261
IFM21_S3_Contig518_frame_2_DBLa0.5_domNum2_block5,6,7,8,16,20,24,29,38,43,43
SFC17_S7_L001_Contig1338_frame_-1_DBLa0.3_domNum2_block5,17,30,33,43,48,54,63,77,87,87
IFM26_S8_Contig432_frm1_orf3_DBLa0.5_domNum2_block5,2,2,2,3,5,6,6,9,10,10
IFD8_S2_Contig836_frame_2_DBLa0.11_domNum2_block5,24,35,43,57,71,77,133,163,197,197
IFM054_S12_Contig701_frame_-3_DBLa1.8_domNum1_block5,16,29,32,41,83,89,114,136,159,159
IFM57_S30_L002_Contig1709_frm-3_orf5_DBLa0.11_domNum2_block5,12,17,18,25,29,35,41,53,60,60
SFC17_S7_L001_Contig1713_frame_3_DBLa0.11_domNum1_block5,17,26,28,37,41,47,54,66,75,75
IFM061_S15_Contig767_frm-3_orf3_DBLa0.13_domNum2_block5,38,53,67,85,111,118,158,201,250,250
SFC19_S24_L002_Contig1561_frm1_orf3_DBLa0.4_domNum2_block5,35,50,64,82,108,115,155,198,243,243
IFM21_S3_Contig678_frame_-1_DBLa0.13_domNum2_block5,37,52,66,84,110,117,157,200,254,254
SFC15-CM_S29_L002_Contig1945_frame_-3_DBLa0.16_domNum2_block5,31,44,56,74,98,104,144,197,242,242
SFC22_S9_L001_Contig3219_frm-2_orf1_DBLa0.3_domNum2_block5,17,22,34,44,50,56,66,80,90,90
SFC13_S23_L002_Contig1170_frame_2_DBLa0.6_domNum2_block5,13,18,19,30,34,40,46,58,66,66
IFM061_S15_Contig554_frame_3_DBLa1.6_domNum2_block5,16,21,22,29,33,39,45,92,105,105
IFC66_S31_L002_Contig1791_frm-3_orf3_DBLa0.13_domNum2_block5,15,24,25,33,37,43,49,61,70,70
IFM058_S13_Contig974_frame_1_DBLa0.1_domNum1_block5,5,5,6,8,11,15,20,27,30,30
IFM24_S5_Contig981_frame_-1_DBLa0.5_domNum2_block5,6,7,8,12,16,20,25,34,39,39
SFM-1_S11_L001_16206_soapGraphK41_frm2_orf9_DBLa1.2_domNum2_block5,16,21,22,29,60,66,81,98,113,113
SFC14_S17_L001_Contig2082_frame_3_DBLa0.6_domNum1_block5,13,18,19,30,34,40,46,58,66,66
SFC17_S7_L001_Contig1754_frame_3_DBLa0.5_domNum1_block5,2,2,2,2,2,2,2,19,22,22
IFM054_S12_2245_soapGraphK61_frame_1_DBLa0.9_domNum2_block5,30,45,57,75,99,105,145,182,224,224
IFM050_S11_Contig3776_frame_-1_DBLa0.23_domNum2_block5,11,16,26,35,39,45,51,63,72,72
SFC-21_S22_L002_Contig1393_frame_2_DBLa0.11_domNum1_block5,3,3,3,4,4,4,4,4,5,5
SFM-7_S13_L001_Contig1892_frame_-2_DBLa0.9_domNum2_block5,11,16,17,24,28,34,40,52,110,110
SFM-8_S8_L001_Contig2899_frame_-3_DBLa0.11_domNum2_block5,12,17,18,25,29,35,41,53,60,60
SFC-21_S22_L002_Contig2147_frame_1_DBLa0.4_domNum2_block5,17,22,41,55,67,73,94,111,127,127
IFM061_S15_Contig334_frame_2_DBLa1.1_domNum2_block5,18,23,24,34,38,44,64,78,88,88
SFM-7_S13_L001_Contig1897_frm3_orf11_DBLa1.4_domNum2_block5,19,25,27,36,40,46,52,64,73,73
IFD6_S1_Contig939_frame_-3_DBLa1.2_domNum1_block5,16,21,22,29,60,66,81,97,112,112
SXC2_S4_L001_Contig1392_frame_1_DBLa1.2_domNum1_block5,16,21,22,29,60,66,81,98,113,113
IFM26_S8_Contig84_frame_1_DBLa0.10_domNum2_block5,17,22,41,55,67,73,93,110,126,126
IFM27_S9_Contig614_frame_-1_DBLa0.5_domNum2_block5,2,2,2,2,2,2,2,5,6,6
IFM050_S11_8064_soapGraphK61_frame_-3_DBLa0.9_domNum2_block5,11,16,17,23,27,33,39,51,82,82
IFM23_S4_Contig476_frame_-1_DBLa0.13_domNum1_block5,15,20,21,28,49,55,65,79,152,152
IFM050_S11_Contig342_frm2_orf4_DBLa0.4_domNum2_block5,13,18,19,68,88,94,121,144,168,168
SFC-18_S20_L002_Contig653_frame_3_DBLa0.3_domNum2_block5,17,30,33,43,80,86,110,132,170,170
IFC63_S16_L001_Contig1913_frm3_orf3_DBLa0.5_domNum2_block5,2,2,2,3,5,6,6,9,10,10
SFM-7_S13_L001_Contig1499_frame_2_DBLa0.5_domNum2_block5,31,44,56,74,98,104,144,181,223,223
SFU2_S5_L001_Contig1429_frame_2_DBLa0.13_domNum2_block5,12,17,18,42,47,53,60,74,84,84
IFM23_S4_Contig693_frame_1_DBLa0.16_domNum2_block5,1,1,1,1,1,1,1,1,1,1
SFM-6_S3_L001_Contig1999_frame_-3_DBLa0.16_domNum2_block5,2,2,2,2,2,2,12,15,17,17
SFM-10_S1_L001_Contig1855_frm2_orf3_DBLa0.5_domNum2_block5,2,2,2,3,5,6,6,9,10,10
SFC13_S23_L002_Contig2709_frame_-2_DBLa1.2_domNum1_block5,16,21,22,29,33,39,45,92,146,146
SFM-1_S11_L001_Contig1588_frame_2_DBLa0.12_domNum2_block5,13,18,40,52,61,67,82,125,198,198
IFM12_S16_Contig841_frame_-3_DBLa0.5_domNum2_block5,17,31,35,45,51,57,69,84,97,97
IFM050_S11_Contig3756_frame_1_DBLa0.11_domNum2_block5,12,17,18,47,55,61,76,91,104,104
IFC66_S31_L002_5336_soapGraphK61_frm2_orf7_DBLa0.5_domNum2_block5,14,19,20,27,63,69,86,103,119,119
SFC22_S9_L001_Contig3053_frame_-2_DBLa0.8_domNum2_block5,6,7,8,11,15,19,24,33,38,38
IFM53_S14_L001_Contig1587_frame_1_DBLa0.3_domNum2_block5,17,22,34,44,50,56,75,90,103,103
SXC2_S4_L001_Contig1393_frame_-1_DBLa0.9_domNum1_block5,11,16,17,23,27,33,39,51,65,65
SFC15-CM_S29_L002_Contig1080_frm1_orf10_DBLa1.4_domNum2_block5,19,25,27,36,40,46,52,64,73,73
IFM53_S14_L001_Contig2477_frame_1_DBLa0.15_domNum2_block5,11,16,26,51,59,65,89,106,122,122
SFU2_S5_L001_Contig1468_frame_2_DBLa0.11_domNum2_block5,2,2,2,3,5,6,6,7,8,8
IFC63_S16_L001_Contig796_frame_1_DBLa1.8_domNum2_block5,16,21,22,29,33,39,45,57,64,64
SFM-6_S3_L001_Contig1751_frame_1_DBLa0.11_domNum2_block5,31,44,60,78,102,108,148,185,227,227
SFM-3_S12_L001_Contig1997_frame_-2_DBLa0.9_domNum2_block5,17,22,23,31,35,41,67,82,94,94
IFM24_S5_Contig538_frame_-2_DBLa1.8_domNum2_block5,16,21,22,29,33,39,45,57,64,64
SFC14_S17_L001_Contig507_frame_1_DBLa0.8_domNum2_block5,30,45,57,75,99,105,145,182,224,224
SFM-7_S13_L001_Contig2137_frame_1_DBLa0.11_domNum2_block5,31,44,60,78,102,108,148,185,227,227
SFM-3_S12_L001_Contig598_frame_1_DBLa0.12_domNum2_block5,13,18,19,30,34,40,46,58,66,66
IFC66_S31_L002_Contig1544_frame_-1_DBLa0.23_domNum2_block5,11,16,26,35,39,45,74,89,102,102
SFM-8_S8_L001_Contig3597_frm-3_orf10_DBLa1.2_domNum2_block5,16,29,32,41,46,52,59,73,83,83
IFC66_S31_L002_5262_soapGraphK61_frame_1_DBLa0.10_domNum2_block5,30,45,57,75,99,105,145,186,228,228
SFM-10_S1_L001_Contig2203_frm3_orf3_DBLa0.5_domNum2_block5,11,16,26,35,39,45,53,65,96,96
SFC19_S24_L002_Contig719_frame_3_DBLa0.6_domNum2_block5,17,22,23,31,35,41,47,70,132,132
SFM-10_S1_L001_Contig2231_frame_-1_DBLa0.5_domNum2_block5,12,17,18,42,47,53,60,74,148,148
SFC16_S6_L001_Contig1066_frame_-3_DBLa0.3_domNum2_block5,17,22,23,31,35,41,61,75,85,85
SFM-6_S3_L001_Contig1264_frame_-1_DBLa0.12_domNum2_block5,13,18,40,52,61,67,135,165,200,200
SFC16_S6_L001_Contig1793_frame_3_DBLa0.1_domNum2_block5,5,6,7,9,12,14,19,26,29,29
IFC63_S16_L001_Contig1642_frame_1_DBLa0.3_domNum2_block5,27,39,50,64,84,90,117,139,162,162
SFC19_S24_L002_Contig1569_frame_-3_DBLa2_domNum2_block5,17,31,35,45,51,57,69,84,97,97
IFC63_S16_L001_Contig1855_frame_-2_DBLa0.11_domNum1_block5,17,26,28,37,41,47,54,66,75,75
IFM26_S8_Contig266_frame_-1_DBLa1.6_domNum2_block5,19,25,38,49,57,63,78,94,108,108
SFC-18_S20_L002_Contig628_frm-1_orf5_DBLa1.1_domNum2_block5,18,23,24,34,38,44,64,78,88,88
IFM047_S10_Contig775_frame_2_DBLa0.10_domNum1_block5,30,45,58,76,100,106,146,188,230,230
SFU2_S5_L001_Contig1895_frame_-1_DBLa0.16_domNum2_block5,8,10,11,15,19,23,28,37,42,42
IFM054_S12_Contig895_frame_2_DBLa0.9_domNum2_block5,6,8,9,13,17,21,26,35,40,40
SFC22_S9_L001_Contig1326_frame_-3_DBLa0.10_domNum2_block5,30,45,58,76,100,106,146,188,230,230
IFM57_S30_L002_Contig850_frame_3_DBLa0.11_domNum2_block5,9,12,13,18,22,26,36,45,54,54
IFM14_S7_Contig295_frm1_orf7_DBLa0.11_domNum2_block5,3,3,3,4,4,4,4,4,5,5
SFM-3_S12_L001_Contig1087_frm-1_orf4_DBLa1.8_domNum2_block5,16,21,22,29,60,66,81,97,112,112
IFM56_S15_Contig1774_frame_-2_DBLa0.10_domNum2_block5,30,45,57,75,99,105,145,186,228,228
SFM-8_S8_L001_Contig3547_frame_1_DBLa2_domNum2_block5,17,22,23,70,90,96,125,150,177,177
IFM12_S16_Contig852_frame_-1_DBLa0.9_domNum2_block5,30,45,58,76,100,106,146,183,246,246
SXC2_S4_L001_Contig619_frame_1_DBLa2_domNum2_block5,17,22,23,31,65,71,108,129,150,150
IFM12_S16_Contig530_frame_-2_DBLa0.10_domNum2_block5,30,45,57,75,99,105,145,186,228,228
SFM-3_S12_L001_Contig1460_frame_3_DBLa0.6_domNum2_block5,17,22,23,31,35,41,47,70,132,132
SFC17_S7_L001_Contig2000_frame_-3_DBLa0.3_domNum2_block5,17,22,23,31,53,59,71,147,172,172
SFM-8_S8_L001_Contig3572_frm1_orf5_DBLa0.18_domNum2_block5,17,22,23,31,53,59,115,154,190,190
SXC2_S4_L001_Contig1682_frame_-1_DBLa0.4_domNum2_block5,17,22,41,55,67,73,116,138,161,161
IFM57_S30_L002_Contig995_frame_2_DBLa1.2_domNum2_block5,16,29,32,41,72,78,100,119,136,136
IFM14_S7_Contig297_frame_-2_DBLa0.5_domNum2_block5,15,20,21,28,32,38,72,87,100,100
IFC66_S31_L002_Contig1830_frame_-1_DBLa0.17_domNum2_block5,31,44,60,78,102,108,148,193,236,236
SXC2_S4_L001_20990_soapGraphK31_frm-2_orf6_DBLa0.6_domNum2_block5,19,32,37,48,56,62,77,93,107,107
IFM061_S15_Contig889_frame_-1_DBLa0.5_domNum2_block5,12,17,18,42,47,53,60,74,84,84
IFM050_S11_Contig1836_frame_2_DBLa0.9_domNum2_block5,6,7,8,10,14,18,23,32,36,36
SFC13_S23_L002_Contig2134_frame_2_DBLa0.8_domNum2_block5,26,38,49,63,81,87,112,134,157,157
IFM57_S30_L002_Contig1537_frame_1_DBLa0.10_domNum2_block5,17,26,28,37,52,58,139,174,211,211
SFC22_S9_L001_Contig1688_frame_1_DBLa0.6_domNum2_block5,13,18,19,26,30,36,141,176,213,213
IFM047_S10_Contig1422_frame_2_DBLa0.18_domNum2_block5,30,45,58,76,100,106,146,192,235,235
SFC14_S17_L001_Contig441_frm2_orf2_DBLa0.1_domNum2_block5,9,12,13,18,22,26,31,40,45,45
SFC17_S7_L001_Contig1724_frm-1_orf3_DBLa0.13_domNum2_block5,38,53,67,85,111,118,158,201,250,250
SFC-21_S22_L002_Contig2705_frame_1_DBLa0.5_domNum2_block5,21,28,31,40,45,51,58,72,81,81
SFC15-CM_S29_L002_Contig1050_frm1_orf4_DBLa1.2_domNum2_block5,19,25,48,62,78,84,107,127,147,147
SFC15-CM_S29_L002_Contig1954_frame_-3_DBLa0.5_domNum2_block5,31,44,56,74,98,104,144,181,223,223
IFM27_S9_Contig420_frm1_orf3_DBLa0.11_domNum2_block5,24,35,43,57,71,77,133,163,197,197
IFM054_S12_2373_soapGraphK61_frame_2_DBLa0.9_domNum2_block5,11,16,17,23,27,33,39,51,65,65
SFC17_S7_L001_Contig2021_frame_-2_DBLa0.4_domNum2_block5,35,50,64,82,108,115,155,198,243,243
IFC66_S31_L002_5042_soapGraphK61_frame_1_DBLa0.1_domNum1_block5,31,44,60,78,102,108,148,185,233,233
SFC-18_S20_L002_4660_soapGraphK61_frame_-2_DBLa0.5_domNum1_block5,2,2,2,3,5,6,6,14,19,19
IFM24_S5_Contig770_frame_-1_DBLa0.16_domNum2_block5,17,31,35,45,51,57,69,84,97,97
SFC17_S7_L001_Contig1424_frame_-1_DBLa0.17_domNum2_block5,5,6,7,9,12,14,19,26,34,34
IFM21_S3_Contig928_frame_1_DBLa0.5_domNum1_block5,2,2,2,3,3,5,5,6,12,12
SFM-8_S8_L001_Contig3560_frame_3_DBLa0.1_domNum2_block5,21,28,31,40,45,51,123,146,171,171
IFM050_S11_Contig3710_frame_1_DBLa0.14_domNum2_block5,7,9,10,14,18,28,33,48,55,55
SXC2_S4_L001_Contig1910_frame_-2_DBLa0.6_domNum2_block5,13,18,19,30,34,40,46,58,66,66
SFC13_S23_L002_6550_soapGraphK61_frame_3_DBLa0.9_domNum2_block5,11,16,17,23,27,33,39,51,65,65
SFC17_S7_L001_Contig1980_frame_1_DBLa0.7_domNum2_block5,13,18,19,30,77,83,105,124,142,142
SFC15-CM_S29_L002_Contig1967_frame_1_DBLa0.3_domNum2_block5,17,30,33,43,48,54,63,77,153,153
SFC17_S7_L001_Contig1996_frame_1_DBLa0.10_domNum2_block5,13,18,19,30,43,49,56,69,78,78
IFM050_S11_Contig3413_frm-2_orf3_DBLa0.5_domNum2_block5,25,37,46,60,75,81,103,122,139,139
IFM27_S9_Contig519_frame_1_DBLa0.5_domNum2_block5,31,44,56,74,98,104,144,181,223,223
SFC16_S6_L001_Contig333_frame_1_DBLa1.2_domNum2_block5,16,29,32,41,72,78,100,119,136,136
SXC2_S4_L001_4752_soapGraphK61_frm-2_orf5_DBLa1.4_domNum2_block5,18,23,24,32,36,42,48,60,69,69
SFC17_S7_L001_5639_soapGraphK61_frame_2_DBLa0.16_domNum2_block5,1,1,1,1,1,1,1,1,1,1
IFM12_S16_Contig416_frm1_orf2_DBLa0.16_domNum2_block5,1,1,1,1,1,1,1,1,1,1
IFC66_S31_L002_Contig1010_frm1_orf7_DBLa1.7_domNum2_block5,18,40,51,71,91,97,126,153,180,180
IFM054_S12_Contig904_frame_3_DBLa0.15_domNum2_block5,11,16,26,51,59,65,89,106,122,122
IFD8_S2_Contig762_frame_-1_DBLa0.15_domNum2_block5,3,3,3,4,4,4,4,4,5,5
SFC-18_S20_L002_Contig1119_frame_3_DBLa0.12_domNum2_block5,6,7,8,11,15,30,35,44,50,50
IFM53_S14_L001_Contig2091_frame_-3_DBLa0.13_domNum2_block5,30,46,59,77,101,107,147,184,226,226
IFM53_S14_L001_Contig2106_frame_-1_DBLa1.7_domNum2_block5,18,40,51,71,91,97,126,153,180,180
SXC2_S4_L001_Contig1896_frame_-3_DBLa0.11_domNum2_block5,12,17,18,42,47,53,60,74,106,106
SFM-6_S3_L001_Contig1113_frame_-2_DBLa0.23_domNum1_block5,11,16,26,35,39,45,51,63,72,72
SFM-6_S3_L001_Contig651_frm2_orf3_DBLa1.2_domNum2_block5,16,29,32,41,83,89,114,136,159,159
IFM12_S16_Contig226_frame_1_DBLa1.1_domNum2_block5,19,25,38,49,70,76,128,157,185,185
IFM12_S16_Contig535_frm-1_orf0_DBLa0.18_domNum1_block5,17,22,45,59,74,80,102,121,138,138
SFU-3_S21_L002_Contig1055_frame_-3_DBLa0.11_domNum2_block5,31,44,60,78,102,108,148,185,227,227
IFM050_S11_Contig3372_frame_2_DBLa0.18_domNum2_block5,17,22,23,31,35,41,47,70,79,79
SFC17_S7_L001_5645_soapGraphK61_frame_2_DBLa0.23_domNum2_block5,11,16,26,35,39,45,74,89,102,102
SFM-10_S1_L001_Contig2526_frm-3_orf3_DBLa0.15_domNum2_block5,19,32,37,48,56,62,77,93,107,107
SFU-3_S21_L002_Contig2032_frame_-1_DBLa0.9_domNum2_block5,11,16,26,51,59,65,85,102,118,118
SFC-025_S33_L002_Contig1675_frame_-1_DBLa0.19_domNum1_block5,37,52,66,84,110,117,157,200,261,261
SFC13_S23_L002_Contig2098_frm1_orf2_DBLa0.3_domNum2_block5,17,30,33,43,80,86,110,132,155,155
IFM054_S12_Contig710_frame_1_DBLa0.8_domNum2_block5,6,7,8,11,15,19,24,33,38,38
IFM57_S30_L002_Contig859_frame_1_DBLa0.9_domNum2_block5,30,45,58,76,100,106,146,183,225,225
IFM12_S16_Contig532_frm3_orf3_DBLa0.5_domNum2_block5,2,2,2,3,5,6,6,9,10,10
IFM-049_S6_Contig40892_frm3_orf4_DBLa0.3_domNum2_block5,17,22,23,31,53,59,115,137,160,160
SFM-7_S13_L001_Contig1529_frm1_orf4_DBLa0.5_domNum2_block5,25,37,47,61,76,82,104,123,140,140
SFM-8_S8_L001_Contig2461_frame_-1_DBLa0.13_domNum1_block5,30,43,55,73,97,103,143,180,221,221
SFM-7_S13_L001_Contig1080_frm2_orf4_DBLa2_domNum2_block5,17,22,23,31,65,71,108,129,150,150
SFC15-CM_S29_L002_Contig1953_frm-1_orf4_DBLa0.3_domNum2_block5,17,22,23,31,35,41,47,70,93,93
IFM061_S15_Contig1002_frame_-2_DBLa0.12_domNum2_block5,13,18,40,52,68,74,95,112,128,128
IFM24_S5_Contig666_frm-2_orf1_DBLa0.3_domNum2_block5,17,22,34,44,50,56,75,90,103,103
SFM-8_S8_L001_10484_soapGraphK61_frame_-2_DBLa1.2_domNum2_block5,19,25,38,49,57,63,78,159,188,188
IFM050_S11_Contig3748_frame_2_DBLa0.7_domNum2_block5,6,7,8,11,15,19,24,33,37,37
SFC19_S24_L002_Contig1100_frame_1_DBLa0.5_domNum2_block5,14,19,20,27,63,69,86,103,119,119
SFU-3_S21_L002_Contig1454_frame_-3_DBLa0.12_domNum2_block5,13,18,40,52,61,67,82,125,144,144
IFM57_S30_L002_Contig1553_frame_1_DBLa0.11_domNum2_block5,12,17,18,42,47,53,60,74,106,106
SFM-8_S8_L001_Contig3604_frame_-1_DBLa0.9_domNum1_block5,11,16,17,23,27,33,39,51,82,82
IFM57_S30_L002_Contig1699_frame_-2_DBLa0.12_domNum2_block5,13,18,40,52,61,67,82,125,144,144
SFU2_S5_L001_Contig1725_frame_-2_DBLa0.3_domNum2_block5,27,39,50,64,84,90,117,139,162,162
SXC2_S4_L001_Contig1876_frm3_orf2_DBLa0.17_domNum2_block5,6,13,14,19,23,27,32,41,46,46
SFC16_S6_L001_Contig388_frm2_orf4_DBLa1.2_domNum2_block5,16,29,32,41,83,89,114,136,159,159
SXC2_S4_L001_Contig1693_frame_-1_DBLa0.11_domNum2_block5,12,17,18,25,29,35,41,53,195,195
IFC66_S31_L002_Contig1563_frm1_orf3_DBLa0.23_domNum2_block5,17,26,28,37,52,58,70,85,98,98
SFC14_S17_L001_Contig514_frame_2_DBLa0.18_domNum2_block5,15,24,30,39,44,50,124,148,176,176
SFC13_S23_L002_Contig472_frame_2_DBLa1.6_domNum2_block5,16,21,22,29,60,66,81,128,149,149
IFM061_S15_Contig1006_frame_-3_DBLa0.9_domNum2_block5,6,8,9,13,17,21,26,35,40,40
IFM27_S9_Contig610_frame_3_DBLa0.5_domNum1_block5,2,2,2,2,2,2,2,5,6,6
IFM21_S3_Contig761_frame_3_DBLa1.2_domNum1_block5,16,21,22,29,33,39,45,57,64,64
SFC19_S24_L002_Contig1541_frame_3_DBLa0.3_domNum2_block5,17,22,23,31,35,41,61,75,85,85
IFM058_S13_Contig666_frame_-3_DBLa0.17_domNum1_block5,28,41,52,66,86,92,119,141,164,164
IFM050_S11_7938_soapGraphK61_frame_3_DBLa0.11_domNum2_block5,15,20,21,28,32,38,44,56,63,63
IFM050_S11_Contig2235_frm1_orf9_DBLa1.1_domNum2_block5,18,23,24,32,36,42,137,169,205,205
SFC22_S9_L001_Contig1652_frame_1_DBLa0.10_domNum2_block5,13,18,19,30,43,49,56,69,78,78
SFU-3_S21_L002_Contig633_frm1_orf5_DBLa1.1_domNum2_block5,18,23,24,34,38,44,64,78,88,88
IFC66_S31_L002_5038_soapGraphK61_frame_1_DBLa0.3_domNum2_block5,17,30,33,43,48,54,63,77,87,87
IFM047_S10_Contig1031_frm-3_orf3_DBLa0.3_domNum2_block5,17,22,23,31,35,41,47,70,93,93
SFM-6_S3_L001_Contig674_frm-3_orf3_DBLa1.1_domNum2_block5,18,23,24,34,38,44,64,78,88,88
IFC66_S31_L002_Contig708_frm3_orf3_DBLa0.1_domNum2_block5,22,33,39,50,58,64,79,95,215,215
SXC2_S4_L001_Contig1677_frm3_orf3_DBLa0.5_domNum2_block5,25,37,47,61,76,82,104,123,140,140
SFC13_S23_L002_Contig2723_frame_3_DBLa1.6_domNum1_block5,19,25,27,36,40,46,52,64,73,73
SFC15-CM_S29_L002_Contig923_frm-2_orf3_DBLa0.5_domNum2_block5,2,2,2,3,5,6,6,9,10,10
IFM27_S9_Contig152_frame_3_DBLa1.1_domNum1_block5,18,23,24,34,38,44,64,78,91,91
SFC19_S24_L002_Contig1149_frame_-2_DBLa0.10_domNum2_block5,17,22,23,31,35,41,67,82,94,94
IFM12_S16_Contig540_frame_1_DBLa0.5_domNum2_block5,15,24,30,39,44,50,57,71,80,80
SFU-3_S21_L002_Contig1770_frame_-2_DBLa0.11_domNum2_block5,19,32,37,48,56,62,77,93,107,107
IFM23_S4_Contig695_frame_-2_DBLa0.13_domNum2_block5,36,51,65,86,112,119,160,203,252,252
IFM047_S10_9078_soapGraphK51_frame_-1_DBLa0.1_domNum2_block5,3,3,3,4,4,4,4,4,5,5
SFC17_S7_L001_Contig1422_frame_-2_DBLa0.5_domNum2_block5,15,24,30,39,44,50,57,71,80,80
SFM-8_S8_L001_Contig1646_frm2_orf10_DBLa1.6_domNum2_block5,16,21,22,29,33,39,45,92,105,105
IFM21_S3_Contig944_frame_1_DBLa0.5_domNum2_block5,11,16,26,35,39,45,53,65,96,96
SXC2_S4_L001_Contig1676_frm2_orf3_DBLa0.9_domNum2_block5,11,16,17,23,27,33,39,51,58,58
SFC14_S17_L001_Contig2175_frame_-3_DBLa0.5_domNum2_block5,15,24,30,39,44,50,57,71,80,80
IFM21_S3_Contig933_frm-2_orf0_DBLa0.5_domNum1_block5,2,2,2,3,5,6,6,9,10,10
SFM-7_S13_L001_Contig1881_frame_3_DBLa0.13_domNum1_block5,31,44,56,74,98,104,144,187,245,245
SFC13_S23_L002_Contig2735_frame_-2_DBLa0.5_domNum2_block5,2,2,2,3,3,3,3,3,3,3
IFM27_S9_Contig290_frm3_orf0_DBLa0.9_domNum2_block5,6,7,8,11,15,30,35,44,50,50
SFC22_S9_L001_Contig2314_frm2_orf4_DBLa0.13_domNum2_block5,30,43,55,73,97,103,143,180,221,221
IFM047_S10_Contig233_frm-3_orf4_DBLa0.5_domNum2_block5,31,44,56,74,98,104,144,181,223,223
SFM-8_S8_L001_Contig3522_frame_-1_DBLa0.15_domNum2_block5,5,5,6,8,11,16,21,28,31,31
IFM-049_S6_Contig17589_frame_2_DBLa0.20_domNum1_block5,30,45,57,75,99,105,145,182,224,224
SFM-1_S11_L001_5026_soapGraphK61_frame_2_DBLa0.16_domNum2_block5,20,27,29,38,42,48,55,68,77,77
SFC14_S17_L001_Contig1598_frame_3_DBLa0.9_domNum2_block5,11,16,26,51,59,65,85,102,118,118
SFC17_S7_L001_Contig1365_frame_-2_DBLa0.18_domNum2_block5,15,24,30,39,66,72,92,109,125,125
SFM-1_S11_L001_Contig1614_frm2_orf36_DBLa0.18_domNum2_block5,15,24,30,39,44,50,124,148,174,174
SFM-3_S12_L001_Contig1880_frm-3_orf3_DBLa0.9_domNum2_block5,11,16,17,23,27,33,39,51,58,58
SFU2_S5_L001_Contig1103_frm1_orf5_DBLa1.1_domNum2_block5,18,23,24,34,38,44,64,78,88,88
SFC17_S7_L001_Contig1986_frame_-2_DBLa0.13_domNum2_block5,36,51,65,86,112,119,159,202,251,251
IFM24_S5_Contig973_frm-2_orf0_DBLa1.1_domNum2_block5,18,23,24,34,38,44,64,78,88,88
SFC17_S7_L001_Contig1745_frame_-1_DBLa0.12_domNum2_block5,13,18,19,26,30,36,129,158,187,187
IFM-049_S6_Contig37911_frame_-2_DBLa0.9_domNum2_block5,17,22,41,55,67,73,93,110,126,126
SFC13_S23_L002_Contig1727_frm-3_orf3_DBLa1.4_domNum2_block5,18,23,24,32,36,42,48,60,69,69
IFM061_S15_Contig537_frm-3_orf3_DBLa0.5_domNum2_block5,2,2,2,3,5,6,6,9,10,10
SFM-3_S12_L001_Contig1458_frame_2_DBLa2_domNum2_block5,17,31,35,45,51,57,69,84,97,97
IFM047_S10_4772_soapGraphK61_frame_1_DBLa0.5_domNum2_block5,25,37,47,61,76,82,104,123,140,140
IFC63_S16_L001_Contig2074_frame_1_DBLa0.13_domNum2_block5,30,46,59,77,101,107,147,184,226,226
IFM050_S11_8386_soapGraphK61_frm-1_orf0_DBLa0.9_domNum2_block5,11,16,17,23,27,33,83,100,116,116
SFC15-CM_S29_L002_Contig1745_frame_-3_DBLa0.9_domNum2_block5,17,22,23,31,65,71,91,108,124,124
IFM050_S11_18120_soapGraphK51_frame_1_DBLa0.21_domNum2_block5,13,18,19,53,62,68,84,101,117,117
IFM23_S4_Contig565_frame_3_DBLa0.15_domNum2_block5,2,2,2,2,2,2,9,11,13,13
IFD8_S2_Contig843_frame_-1_DBLa0.13_domNum2_block5,25,37,47,61,76,82,104,123,140,140
SFM-1_S11_L001_Contig1882_frame_3_DBLa0.12_domNum2_block5,13,18,36,46,54,60,73,88,101,101
SFM-8_S8_L001_Contig3583_frame_2_DBLa0.10_domNum2_block5,13,18,19,30,43,49,56,69,78,78
SFC22_S9_L001_Contig2363_frame_-3_DBLa0.8_domNum2_block5,11,16,17,24,79,85,109,130,151,151
IFM050_S11_Contig3768_frame_-3_DBLa0.1_domNum2_block5,7,9,10,14,18,22,27,36,41,41
IFM21_S3_Contig916_frame_-3_DBLa0.16_domNum2_block5,8,10,11,15,19,23,28,37,42,42
SFM-3_S12_L001_Contig1989_frame_1_DBLa0.3_domNum1_block5,17,22,23,31,35,41,47,70,93,93
SFM-8_S8_L001_10452_soapGraphK61_frm1_orf0_DBLa0.11_domNum1_block5,17,26,28,37,41,47,54,66,75,75
SFC17_S7_L001_Contig920_frame_2_DBLa0.12_domNum1_block5,17,22,41,55,67,73,116,155,182,182
IFM23_S4_Contig581_frame_1_DBLa0.9_domNum2_block5,11,16,17,23,27,33,39,51,58,58
SFM-8_S8_L001_Contig694_frame_2_DBLa0.9_domNum2_block5,15,24,30,39,44,50,57,118,135,135
SXC2_S4_L001_8133_soapGraphK51_frm3_orf4_DBLa0.11_domNum2_block5,19,32,37,48,56,62,77,93,107,107
IFM054_S12_2387_soapGraphK61_frame_-1_DBLa0.5_domNum2_block5,25,37,47,61,76,82,104,123,140,140
SXC2_S4_L001_Contig1897_frm-1_orf1_DBLa0.16_domNum2_block5,31,44,56,74,98,104,144,181,244,244
SFC13_S23_L002_6866_soapGraphK61_frame_2_DBLa0.5_domNum1_block5,14,19,20,27,63,69,86,103,119,119
IFM-049_S6_Contig8766_frame_-1_DBLa0.9_domNum2_block5,11,16,17,23,27,33,39,67,76,76
SFM-7_S13_L001_5268_soapGraphK61_frame_-1_DBLa0.12_domNum2_block5,17,22,23,31,65,71,91,108,124,124
IFM57_S30_L002_4406_soapGraphK61_frame_2_DBLa0.11_domNum2_block5,12,17,18,42,47,53,60,74,106,106
SFC22_S9_L001_Contig2796_frame_1_DBLa0.11_domNum1_block5,24,35,43,57,71,77,99,117,134,134
IFM-049_S6_Contig16997_frm-2_orf8_DBLa1.6_domNum1_block5,18,40,51,65,85,91,118,140,165,165
IFM27_S9_Contig357_frm-1_orf3_DBLa0.1_domNum2_block5,7,14,15,20,24,29,34,43,48,48
IFM24_S5_Contig976_frame_1_DBLa0.5_domNum1_block5,15,24,25,33,37,43,49,61,70,70
IFM061_S15_Contig890_frame_-1_DBLa0.11_domNum1_block5,6,7,8,16,20,24,29,38,43,43
SFU2_S5_L001_Contig1896_frame_-3_DBLa1.8_domNum2_block5,16,21,22,29,33,39,45,57,64,64
SFC19_S24_L002_Contig1531_frame_1_DBLa0.5_domNum2_block5,2,2,2,2,9,11,15,20,23,23
IFC66_S31_L002_Contig1541_frame_2_DBLa0.13_domNum2_block5,25,37,47,61,76,82,104,123,140,140
SFC22_S9_L001_Contig3212_frm3_orf8_DBLa0.9_domNum2_block5,30,45,58,76,100,106,146,192,235,235
SFM-3_S12_L001_Contig1068_frm1_orf6_DBLa1.5_domNum2_block5,19,25,38,49,70,76,97,115,141,141
SFM-10_S1_L001_Contig2469_frame_-1_DBLa0.3_domNum2_block5,17,22,34,44,50,56,75,90,103,103
SFM-10_S1_L001_Contig2554_frame_-1_DBLa0.11_domNum2_block5,12,17,18,47,55,61,111,133,156,156
SFC22_S9_L001_Contig3185_frm-2_orf23_DBLa0.16_domNum2_block5,29,42,54,72,96,102,142,179,220,220
SFM-3_S12_L001_Contig934_frame_2_DBLa0.19_domNum2_block5,38,53,67,85,111,118,158,201,250,250
IFM24_S5_Contig857_frame_-3_DBLa0.9_domNum2_block5,11,16,26,51,59,65,85,102,118,118
SFC19_S24_L002_Contig2097_frm1_orf3_DBLa0.16_domNum2_block5,1,1,1,5,6,7,7,8,9,9
SFU-3_S21_L002_Contig637_frame_3_DBLa0.10_domNum2_block5,13,18,19,30,43,49,56,69,78,78
SFM-8_S8_L001_Contig642_frame_1_DBLa1.6_domNum2_block5,16,29,32,41,46,52,59,73,83,83
IFM050_S11_Contig3798_frame_-2_DBLa0.18_domNum2_block5,15,24,30,39,44,50,124,148,202,202
SFC14_S17_L001_Contig2401_frm-1_orf2_DBLa1.2_domNum2_block5,16,21,22,29,33,39,45,57,64,64
SFC17_S7_L001_Contig1014_frm2_orf13_DBLa1.4_domNum2_block5,19,25,27,36,40,46,52,64,73,73
IFM050_S11_Contig2853_frame_-2_DBLa0.18_domNum2_block5,30,45,58,76,100,106,146,192,235,235
SFC17_S7_L001_Contig2014_frame_-3_DBLa0.9_domNum2_block5,6,7,8,10,14,18,23,32,36,36
SFC22_S9_L001_Contig3205_frame_-1_DBLa1.2_domNum2_block5,16,29,32,41,72,78,100,119,136,136
IFM-049_S6_Contig33584_frm1_orf2_DBLa0.19_domNum2_block5,38,53,67,85,111,118,158,201,250,250
IFM12_S16_Contig686_frame_1_DBLa0.9_domNum2_block5,11,16,17,24,28,34,40,52,110,110
IFM21_S3_17922_soapGraphK31_frame_-3_DBLa1.8_domNum1_block5,16,21,22,29,33,39,45,57,64,64
SFM-1_S11_L001_Contig778_frame_-1_DBLa1.3_domNum3_block5,0,0,0,0,0,0,0,0,0,0
IFM058_S13_Contig1069_frame_2_DBLa0.12_domNum2_block5,13,18,40,52,68,74,95,112,128,128
SFU-3_S21_L002_Contig2027_frame_-2_DBLa0.1_domNum2_block5,36,51,65,83,109,116,156,199,248,248
SFC-21_S22_L002_Contig1719_frame_3_DBLa0.18_domNum1_block5,17,22,45,59,74,80,102,121,138,138
IFM050_S11_Contig3722_frm3_orf2_DBLa0.15_domNum2_block5,5,5,6,8,11,15,20,27,30,30
SFM-10_S1_L001_Contig1849_frame_-3_DBLa0.9_domNum2_block5,17,22,23,31,35,41,67,82,94,94
SFC22_S9_L001_Contig2839_frame_3_DBLa0.15_domNum2_block5,31,44,56,74,98,104,144,187,229,229
SFM-6_S3_L001_Contig97_frame_3_DBLa0.5_domNum2_block5,25,37,47,61,76,82,104,123,140,140
IFM53_S14_L001_Contig2476_frm1_orf5_DBLa0.3_domNum2_block5,27,39,50,64,84,90,117,139,162,162
IFD8_S2_Contig1043_frame_-3_DBLa0.11_domNum2_block5,24,35,43,57,71,77,99,117,134,134
SFM-1_S11_L001_Contig1881_frame_1_DBLa0.16_domNum2_block5,20,27,29,38,42,48,55,68,77,77
SFC15-CM_S29_L002_Contig54_frame_2_DBLa0.8_domNum1_block5,26,38,49,63,81,87,112,134,157,157
SFC14_S17_L001_Contig453_frame_2_DBLa2_domNum1_block5,17,22,23,31,65,71,108,129,150,150
SFM-10_S1_L001_Contig839_frame_-3_DBLa0.13_domNum2_block5,37,52,66,84,110,117,157,200,254,254
SFC22_S9_L001_Contig2361_frame_2_DBLa0.4_domNum2_block5,17,22,23,31,53,59,115,154,190,190
SFM-7_S13_L001_Contig144_frame_2_DBLa0.1_domNum2_block5,7,9,10,14,18,28,33,42,47,47
IFM061_S15_2294_soapGraphK61_frame_3_DBLa0.1_domNum2_block5,5,6,7,9,12,14,19,26,29,29
SFM-3_S12_L001_Contig1468_frame_3_DBLa0.6_domNum2_block5,13,18,40,52,61,67,82,99,114,114
IFM24_S5_Contig983_frm2_orf1_DBLa0.10_domNum2_block5,30,45,57,75,99,105,145,186,228,228
SFC14_S17_L001_6263_soapGraphK61_frm-2_orf2_DBLa0.1_domNum2_block5,9,12,13,18,22,26,31,40,45,45
IFC66_S31_L002_Contig1564_frame_3_DBLa0.15_domNum2_block5,5,5,6,8,11,15,20,29,32,32
IFM-049_S6_Contig40827_frm-3_orf1_DBLa0.9_domNum2_block5,11,16,17,23,27,33,62,76,86,86
IFM23_S4_Contig486_frame_3_DBLa0.12_domNum2_block5,30,45,58,76,100,106,146,183,225,225
IFM050_S11_Contig3792_frame_3_DBLa0.16_domNum2_block5,38,53,67,85,111,118,158,201,257,257
IFM058_S13_Contig1021_frame_-3_DBLa0.11_domNum1_block5,17,26,28,37,41,47,54,66,75,75
SFM-1_S11_L001_Contig1614_frm-3_orf31_DBLa0.13_domNum2_block5,36,51,65,86,112,119,159,202,251,251
IFM26_S8_Contig136_frame_1_DBLa0.5_domNum2_block5,11,16,26,35,39,45,53,65,74,74
SFU-3_S21_L002_Contig1058_frm-2_orf3_DBLa1.5_domNum2_block5,19,25,38,49,93,99,131,161,194,194
SFC22_S9_L001_Contig2351_frame_-1_DBLa1.2_domNum1_block5,16,21,22,29,33,39,45,177,217,217
SFC13_S23_L002_Contig2444_frame_-1_DBLa0.10_domNum1_block5,30,45,58,76,100,106,146,188,230,230
IFM27_S9_Contig631_frame_3_DBLa0.16_domNum1_block5,8,10,11,15,19,23,28,37,42,42
SFU2_S5_L001_Contig1469_frm2_orf7_DBLa0.13_domNum2_block5,30,46,59,77,101,107,147,184,226,226
IFM050_S11_Contig1146_frm-2_orf1_DBLa0.17_domNum2_block5,14,19,20,27,31,37,43,55,62,62
SFM-7_S13_L001_Contig1091_frm-1_orf5_DBLa1.1_domNum2_block5,18,23,24,34,38,44,64,78,88,88
IFM21_S3_Contig581_frame_-2_DBLa0.3_domNum2_block5,17,30,33,43,48,54,63,77,87,87
SFM-1_S11_L001_Contig1595_frame_1_DBLa0.15_domNum2_block5,10,15,16,21,25,31,37,49,56,56
SFM-6_S3_L001_16823_soapGraphK41_frame_-2_DBLa0.5_domNum2_block5,11,16,26,35,39,45,53,65,74,74
SFM-3_S12_L001_Contig528_frame_2_DBLa1.6_domNum2_block5,16,21,22,29,60,66,81,128,149,149
IFM058_S13_Contig879_frm2_orf0_DBLa0.9_domNum1_block5,30,45,58,76,100,106,146,188,230,230
IFM21_S3_Contig814_frame_-1_DBLa0.13_domNum2_block5,30,46,59,77,101,107,147,184,226,226
SFM-3_S12_L001_Contig616_frm3_orf7_DBLa1.6_domNum2_block5,16,21,22,29,33,39,45,92,105,105
IFM054_S12_Contig502_frame_-3_DBLa1.1_domNum2_block5,18,23,24,34,38,44,64,78,88,88
SFM-3_S12_L001_Contig2004_frm2_orf3_DBLa0.5_domNum2_block5,14,19,20,27,63,69,86,103,119,119
SFM-3_S12_L001_Contig1101_frame_2_DBLa0.15_domNum2_block5,31,44,56,74,98,104,144,187,229,229
SFC22_S9_L001_Contig1580_frame_2_DBLa0.24_domNum2_block5,31,44,60,78,102,108,148,185,233,233
SFC22_S9_L001_Contig2832_frame_-3_DBLa0.13_domNum2_block5,36,51,65,86,112,119,159,202,260,260
SFM-10_S1_L001_Contig719_frame_-2_DBLa1.6_domNum1_block5,16,21,22,29,33,39,45,92,105,105
IFM047_S10_Contig1234_frame_-1_DBLa0.11_domNum1_block5,24,35,43,57,71,77,133,163,197,197
SFC19_S24_L002_Contig1851_frame_-2_DBLa0.16_domNum2_block5,8,10,11,15,19,23,28,37,42,42
IFD8_S2_Contig1128_frame_-2_DBLa0.5_domNum2_block5,31,44,56,74,98,104,144,181,223,223
SFC-18_S20_L002_Contig1719_frame_-1_DBLa0.15_domNum2_block5,17,31,35,45,51,57,69,84,97,97
SFC16_S6_L001_4433_soapGraphK61_frame_1_DBLa0.5_domNum2_block5,31,44,56,74,98,104,144,187,229,229
SFM-8_S8_L001_Contig2497_frame_-1_DBLa0.3_domNum2_block5,17,22,34,44,50,56,66,80,90,90
IFM050_S11_Contig3783_frm-2_orf3_DBLa0.3_domNum2_block5,17,22,23,31,53,59,136,168,204,204
IFM061_S15_Contig1000_frame_-3_DBLa0.9_domNum2_block5,17,22,23,31,35,41,67,82,94,94
IFC66_S31_L002_Contig1443_frame_-2_DBLa0.11_domNum2_block5,3,3,3,4,4,4,4,4,5,5
IFM57_S30_L002_4330_soapGraphK61_frame_3_DBLa0.10_domNum2_block5,17,22,23,31,35,41,47,59,68,68
IFM058_S13_Contig449_frame_3_DBLa1.6_domNum2_block5,16,29,32,41,72,78,100,119,136,136
IFM050_S11_Contig3396_frame_-1_DBLa0.9_domNum2_block5,11,16,17,23,27,33,39,51,82,82
IFM054_S12_Contig1001_frame_1_DBLa0.9_domNum1_block5,11,16,17,23,27,33,39,51,65,65
SXC2_S4_L001_Contig1873_frame_-3_DBLa0.5_domNum1_block5,2,2,2,2,2,2,2,2,2,2
SFM-1_S11_L001_Contig2099_frame_-1_DBLa0.5_domNum2_block5,2,2,2,2,2,2,2,2,2,2
IFM57_S30_L002_Contig1017_frm-1_orf20_DBLa1.2_domNum2_block5,16,21,22,29,33,39,45,57,64,64
IFM27_S9_Contig416_frame_1_DBLa0.4_domNum2_block5,17,22,23,70,90,96,125,150,177,177
IFM050_S11_Contig3433_frame_2_DBLa0.12_domNum1_block5,13,18,40,52,61,67,90,107,123,123
IFM24_S5_Contig915_frame_-3_DBLa0.16_domNum2_block5,8,10,11,15,19,23,28,37,42,42
SFM-6_S3_L001_Contig1867_frm-2_orf2_DBLa0.13_domNum2_block5,37,52,66,84,110,117,157,200,249,249
SFM-1_S11_L001_Contig1167_frame_-2_DBLa0.11_domNum2_block5,12,17,18,25,29,35,41,53,195,195
IFM24_S5_Contig916_frm-3_orf2_DBLa0.19_domNum2_block5,38,53,67,85,111,118,158,201,250,250
SFM-10_S1_L001_Contig1386_frm-1_orf4_DBLa0.18_domNum2_block5,17,22,41,55,67,73,116,155,182,182
SFM-10_S1_L001_Contig1384_frm-1_orf5_DBLa1.1_domNum2_block5,18,23,24,34,38,44,64,78,88,88
IFM061_S15_Contig598_frame_-3_DBLa0.16_domNum2_block5,8,10,11,15,19,23,28,37,42,42
IFC66_S31_L002_Contig1555_frame_-3_DBLa0.1_domNum1_block5,31,44,60,78,102,108,148,185,233,233
IFM24_S5_Contig646_frm3_orf3_DBLa0.5_domNum2_block5,2,2,2,3,5,6,6,9,10,10
IFD8_S2_Contig164_frame_-1_DBLa1.1_domNum2_block5,18,23,24,34,38,44,64,78,88,88
IFM23_S4_Contig698_frm-3_orf1_DBLa1.7_domNum2_block5,18,40,51,65,85,91,127,156,183,183
SXC2_S4_L001_Contig358_frm1_orf2_DBLa1.8_domNum1_block5,16,21,22,29,60,66,81,128,149,149
SFM-1_S11_L001_5120_soapGraphK61_frame_1_DBLa0.18_domNum2_block5,17,22,41,55,67,73,116,138,161,161
SFC-21_S22_L002_Contig1103_frm1_orf5_DBLa1.4_domNum2_block5,18,23,24,32,36,42,48,60,69,69
SFC13_S23_L002_Contig1100_frm1_orf6_DBLa1.5_domNum2_block5,19,25,38,49,70,76,97,115,141,141
IFM047_S10_Contig1403_frame_-1_DBLa0.11_domNum2_block5,24,35,43,57,71,77,99,117,134,134
IFM57_S30_L002_Contig788_frm-1_orf2_DBLa0.3_domNum2_block5,17,30,33,43,80,86,110,132,170,170
SFC19_S24_L002_5732_soapGraphK61_frame_3_DBLa0.16_domNum2_block5,8,10,11,15,19,23,28,37,42,42
IFM050_S11_Contig1887_frame_1_DBLa0.15_domNum2_block5,17,22,23,31,53,59,71,86,99,99
IFC63_S16_L001_Contig2081_frame_-1_DBLa0.5_domNum2_block5,12,17,18,42,47,53,60,74,84,84
SFC14_S17_L001_Contig2145_frame_1_DBLa0.13_domNum1_block5,38,53,67,85,111,118,158,201,250,250
IFC66_S31_L002_Contig1005_frame_-1_DBLa0.12_domNum2_block5,13,18,19,30,34,40,68,83,95,95
IFM-049_S6_Contig40700_frame_-3_DBLa0.8_domNum2_block5,34,49,63,81,107,114,154,196,241,241
SFM-10_S1_L001_Contig1854_frame_2_DBLa0.10_domNum2_block5,17,22,23,31,35,41,67,82,94,94
SFC15-CM_S29_L002_Contig1476_frm-2_orf6_DBLa0.3_domNum2_block5,17,22,34,44,50,56,75,90,103,103
IFM27_S9_Contig530_frame_-3_DBLa0.17_domNum2_block5,3,3,3,4,4,4,4,4,5,5
SFM-8_S8_L001_Contig3603_frm2_orf3_DBLa0.5_domNum2_block5,12,17,18,42,47,53,60,74,84,84
SFC22_S9_L001_Contig2834_frame_2_DBLa0.8_domNum2_block5,26,38,49,63,81,87,112,134,157,157
SFC19_S24_L002_Contig1837_frame_-1_DBLa0.5_domNum1_block5,15,24,25,33,37,43,49,61,70,70
IFM53_S14_L001_Contig2124_frm-1_orf3_DBLa0.5_domNum2_block5,2,2,2,2,2,2,2,2,2,2
SFC-023_S32_L002_Contig1162_frm-3_orf4_DBLa1.7_domNum2_block5,18,40,51,65,85,91,118,140,165,165
IFM054_S12_Contig1088_frame_1_DBLa0.9_domNum2_block5,33,48,62,80,104,110,150,190,232,232
IFM24_S5_Contig914_frame_-3_DBLa0.13_domNum2_block5,30,46,59,77,101,107,147,184,226,226
SFM-10_S1_L001_Contig1381_frame_-2_DBLa0.18_domNum2_block5,17,22,23,31,35,41,47,70,79,79
IFM050_S11_Contig2855_frame_1_DBLa0.19_domNum2_block5,6,7,8,22,26,32,38,50,57,57
IFM061_S15_Contig665_frame_-2_DBLa0.1_domNum2_block5,5,6,7,9,12,14,19,26,29,29
IFM054_S12_Contig1089_frame_-2_DBLa1.7_domNum2_block5,18,40,51,71,91,97,126,153,180,180
SFC17_S7_L001_5603_soapGraphK61_frame_1_DBLa0.5_domNum1_block5,2,2,2,2,2,2,2,19,22,22
IFC63_S16_L001_Contig1061_frame_-1_DBLa0.16_domNum2_block5,8,10,11,15,19,23,28,37,42,42
SFM-6_S3_L001_Contig994_frame_-1_DBLa0.9_domNum1_block5,6,8,9,13,17,21,26,35,40,40
IFC66_S31_L002_Contig1825_frame_1_DBLa0.9_domNum2_block5,15,24,30,39,94,100,138,172,209,209
SXC2_S4_L001_Contig1020_frame_-2_DBLa0.18_domNum2_block5,13,18,40,52,61,67,82,99,114,114
IFM27_S9_Contig527_frm3_orf6_DBLa0.17_domNum2_block5,7,9,10,14,18,28,33,42,47,47
SFU2_S5_L001_4636_soapGraphK61_frame_-2_DBLa0.9_domNum2_block5,17,22,23,31,35,41,67,82,94,94
SXC2_S4_L001_Contig1425_frame_2_DBLa0.15_domNum2_block5,3,3,3,4,4,9,10,12,14,14
SFC22_S9_L001_8668_soapGraphK61_frame_-3_DBLa0.11_domNum2_block5,17,26,28,37,41,47,54,66,75,75
IFM050_S11_Contig3761_frame_-3_DBLa0.20_domNum2_block5,30,45,57,75,99,105,145,186,228,228
IFM57_S30_L002_Contig1683_frame_2_DBLa0.7_domNum2_block5,6,7,8,11,15,19,24,33,37,37
SFC19_S24_L002_Contig1158_frm1_orf1_DBLa0.1_domNum2_block5,14,19,20,27,31,37,43,55,62,62
IFD6_S1_Contig728_frame_1_DBLa0.5_domNum1_block5,14,19,20,27,63,69,86,103,119,119
SFC22_S9_L001_8840_soapGraphK61_frm3_orf5_DBLa0.11_domNum2_block5,12,17,18,25,29,35,41,53,60,60
SFU-3_S21_L002_Contig1466_frame_2_DBLa0.5_domNum2_block5,31,44,56,74,98,104,144,181,223,223
IFC66_S31_L002_Contig1784_frame_-2_DBLa0.18_domNum2_block5,30,45,58,76,100,106,146,192,235,235
IFM061_S15_Contig862_frame_1_DBLa0.3_domNum2_block5,17,22,34,44,50,56,66,80,90,90
SFC-023_S32_L002_Contig966_frm1_orf10_DBLa1.2_domNum2_block5,16,29,32,41,72,78,100,119,136,136
SXC2_S4_L001_Contig1871_frame_3_DBLa0.5_domNum1_block5,30,43,55,73,105,111,151,191,234,234
SFM-1_S11_L001_Contig1600_frame_3_DBLa0.16_domNum2_block5,4,4,4,6,8,10,11,13,15,15
IFC63_S16_L001_4700_soapGraphK61_frame_-3_DBLa0.5_domNum2_block5,17,31,35,45,51,57,69,84,97,97
SFC13_S23_L002_Contig2112_frame_-3_DBLa0.5_domNum1_block5,2,2,2,3,7,8,8,10,11,11
IFM24_S5_Contig119_frame_-2_DBLa0.9_domNum2_block5,6,8,9,13,17,21,26,35,40,40
IFM56_S15_Contig901_frm-2_orf4_DBLa1.4_domNum2_block5,18,23,24,32,36,42,48,60,69,69
IFM047_S10_Contig1211_frame_-2_DBLa0.18_domNum2_block5,17,22,23,31,35,41,47,70,79,79
IFC66_S31_L002_Contig1775_frame_3_DBLa0.1_domNum1_block5,6,13,14,19,23,27,32,41,46,46
SFM-1_S11_L001_Contig2100_frm-3_orf3_DBLa1.2_domNum2_block5,18,23,24,32,36,42,137,169,216,216
SFM-3_S12_L001_Contig798_frame_2_DBLa0.7_domNum2_block5,13,18,19,53,62,68,84,101,193,193
IFM047_S10_Contig1449_frame_3_DBLa0.5_domNum2_block5,25,37,47,61,76,82,104,123,140,140
IFM27_S9_1750_soapGraphK61_frame_-3_DBLa0.5_domNum1_block5,25,37,47,61,76,82,104,123,140,140
IFC66_S31_L002_5258_soapGraphK61_frame_-2_DBLa0.5_domNum2_block5,2,2,2,2,9,11,15,20,23,23
IFM061_S15_Contig908_frame_2_DBLa0.13_domNum2_block5,37,52,66,84,110,117,157,200,254,254
SFC15-CM_S29_L002_Contig1749_frame_2_DBLa0.21_domNum2_block5,13,18,40,67,87,93,120,143,192,192
SFM-8_S8_L001_36027_soapGraphK31_frame_-3_DBLa0.1_domNum1_block5,6,7,8,10,14,18,23,32,36,36
SFC13_S23_L002_Contig2644_frame_3_DBLa0.3_domNum1_block5,17,22,34,44,50,56,66,80,90,90
IFD6_S1_4425_soapGraphK51_frame_3_DBLa0.5_domNum1_block5,14,19,20,27,63,69,86,103,119,119
SFC19_S24_L002_Contig710_frm3_orf3_DBLa1.1_domNum2_block5,18,23,24,34,38,44,64,78,88,88
SFM-3_S12_L001_Contig855_frame_3_DBLa0.12_domNum2_block5,13,18,40,52,61,67,90,114,130,130
IFM047_S10_Contig1435_frm-1_orf11_DBLa0.2_domNum1_block5,17,22,23,31,35,41,47,59,68,68
SFM-8_S8_L001_Contig1695_frm1_orf15_DBLa1.8_domNum2_block5,19,25,38,54,92,98,130,160,189,189
IFM26_S8_Contig650_frame_-3_DBLa0.3_domNum2_block5,17,22,23,31,35,41,61,75,85,85
SFC17_S7_L001_Contig1747_frame_3_DBLa2_domNum2_block5,11,16,26,35,39,45,53,65,96,96
SFM-8_S8_L001_Contig2507_frm-2_orf2_DBLa0.14_domNum2_block5,22,33,39,50,58,64,79,95,109,109
SFC22_S9_L001_Contig2385_frame_-3_DBLa0.1_domNum2_block5,22,33,39,50,58,64,79,95,109,109
IFC66_S31_L002_5168_soapGraphK61_frame_-3_DBLa0.11_domNum2_block5,6,7,8,12,16,20,25,47,53,53
SFC19_S24_L002_Contig2100_frame_-3_DBLa1.2_domNum2_block5,16,21,22,29,60,66,81,128,149,149
SFM-3_S12_L001_Contig950_frame_1_DBLa0.5_domNum2_block5,2,2,2,3,3,3,3,3,3,3
IFM047_S10_Contig1654_frame_2_DBLa1.2_domNum1_block5,16,21,22,29,60,66,81,97,112,112
SFM-10_S1_L001_Contig2230_frame_3_DBLa0.5_domNum1_block5,8,10,11,15,19,23,28,37,42,42
IFM050_S11_Contig3717_frame_-1_DBLa0.4_domNum2_block5,32,47,61,79,103,109,149,189,231,231
IFC66_S31_L002_Contig1586_frm2_orf3_DBLa0.12_domNum2_block5,13,18,40,52,61,67,82,170,206,206
IFM058_S13_Contig1017_frm1_orf7_DBLa1.2_domNum2_block5,16,21,22,29,33,39,45,92,146,146
IFM-049_S6_Contig16760_frame_1_DBLa0.8_domNum2_block5,11,16,17,24,28,34,40,52,110,110
SFM-3_S12_L001_5196_soapGraphK61_frame_2_DBLa0.5_domNum2_block5,31,44,56,74,98,104,144,181,223,223
SFM-10_S1_L001_Contig1320_frame_1_DBLa0.3_domNum2_block5,17,30,33,43,48,54,63,77,87,87
IFC66_S31_L002_Contig1771_frame_-1_DBLa0.9_domNum2_block5,11,16,17,23,27,33,83,100,116,116
IFC66_S31_L002_Contig1840_frame_-3_DBLa2_domNum2_block5,17,22,23,31,53,59,71,147,172,172
IFM054_S12_Contig388_frm1_orf2_DBLa0.16_domNum2_block5,11,16,17,23,27,33,39,51,58,58
IFM058_S13_Contig1092_frame_-1_DBLa0.11_domNum2_block5,12,17,18,25,29,35,41,53,60,60
IFM061_S15_Contig912_frame_-1_DBLa1.8_domNum2_block5,16,21,22,29,33,39,45,57,64,64
IFM050_S11_Contig3434_frame_-3_DBLa0.13_domNum2_block5,29,42,54,72,106,113,153,195,240,240
IFM061_S15_Contig894_frame_2_DBLa0.13_domNum2_block5,30,46,59,77,101,107,147,184,226,226
IFM26_S8_Contig206_frm2_orf1_DBLa1.1_domNum2_block5,18,23,24,34,38,44,64,78,88,88
IFM27_S9_Contig491_frame_3_DBLa0.5_domNum1_block5,12,17,18,42,47,53,60,74,148,148
SFC17_S7_L001_Contig1225_frame_3_DBLa0.3_domNum2_block5,37,52,66,84,110,117,161,204,253,253
IFM047_S10_4640_soapGraphK61_frame_-2_DBLa0.11_domNum2_block5,24,35,43,57,71,77,133,163,197,197
SFC13_S23_L002_Contig2664_frame_-3_DBLa0.3_domNum2_block5,17,22,23,31,53,59,115,154,181,181
SFC22_S9_L001_Contig3229_frm-2_orf3_DBLa0.4_domNum2_block5,17,22,23,70,90,96,125,149,175,175
IFM21_S3_Contig898_frm-1_orf3_DBLa0.13_domNum2_block5,15,20,21,28,49,55,65,79,152,152
SFU-3_S21_L002_Contig1764_frame_-1_DBLa0.12_domNum2_block5,13,18,19,30,34,40,46,58,66,66
IFM57_S30_L002_Contig139_frame_-3_DBLa0.4_domNum2_block5,17,22,23,70,90,96,125,149,175,175
SFU2_S5_L001_25621_soapGraphK21_frm-2_orf9_DBLa1.1_domNum2_block5,18,23,24,34,38,44,64,78,88,88
IFM-049_S6_Contig39675_frame_2_DBLa0.3_domNum2_block5,17,30,33,43,48,54,63,77,87,87
IFM054_S12_Contig1077_frame_2_DBLa0.18_domNum2_block5,17,22,23,31,35,41,47,70,79,79
SFU-3_S21_L002_Contig2022_frm-3_orf0_DBLa0.5_domNum1_block5,19,32,37,48,56,62,77,93,107,107
IFM24_S5_Contig978_frame_-2_DBLa0.19_domNum2_block5,6,7,8,16,20,24,29,38,43,43
IFM047_S10_Contig677_frm-1_orf1_DBLa0.17_domNum2_block5,14,19,20,27,31,37,43,55,62,62
SFM-8_S8_L001_Contig3543_frame_2_DBLa0.7_domNum2_block5,6,7,8,11,15,19,24,33,37,37
SFC-21_S22_L002_Contig2469_frame_3_DBLa0.9_domNum2_block5,6,7,8,10,14,18,23,32,36,36
IFC63_S16_L001_Contig1656_frame_1_DBLa0.9_domNum2_block5,17,22,23,31,35,41,67,82,94,94
IFC66_S31_L002_Contig1573_frame_-3_DBLa0.13_domNum2_block5,30,46,59,77,101,107,147,184,226,226
IFM-049_S6_Contig18495_frame_2_DBLa0.11_domNum2_block5,12,17,18,25,29,35,41,53,195,195
IFM57_S30_L002_Contig1000_frame_-2_DBLa0.17_domNum2_block5,14,19,20,27,31,37,43,55,62,62
IFM058_S13_Contig1095_frm3_orf1_DBLa0.1_domNum2_block5,21,28,31,40,45,51,123,146,171,171
SFC17_S7_L001_5661_soapGraphK61_frame_-2_DBLa0.12_domNum2_block5,13,18,19,26,30,36,129,158,187,187
IFM047_S10_Contig1666_frm3_orf0_DBLa0.1_domNum2_block5,3,3,3,4,4,4,4,4,5,5
IFD6_S1_Contig745_frm3_orf1_DBLa0.16_domNum2_block5,1,1,1,1,1,1,1,1,1,1
SFC13_S23_L002_Contig2754_frm-2_orf5_DBLa1.7_domNum2_block5,18,40,51,65,85,91,118,140,163,163
IFM57_S30_L002_Contig1543_frame_1_DBLa0.11_domNum2_block5,17,26,28,37,41,47,54,66,75,75
IFC66_S31_L002_4996_soapGraphK61_frm-2_orf6_DBLa0.24_domNum2_block5,5,5,6,8,13,17,22,30,33,33
IFM12_S16_Contig240_frame_2_DBLa1.1_domNum2_block5,18,23,24,34,38,44,64,78,88,88
IFM058_S13_Contig1077_frame_-2_DBLa1.1_domNum2_block5,18,23,24,34,38,44,64,78,88,88
IFM050_S11_Contig3373_frame_-2_DBLa0.12_domNum1_block5,13,18,40,67,87,93,120,143,167,167
IFM21_S3_Contig482_frame_-3_DBLa0.11_domNum2_block5,12,17,18,47,55,61,76,151,178,178
IFM047_S10_Contig1651_frame_2_DBLa0.3_domNum2_block5,17,22,34,44,50,56,66,80,90,90
IFM24_S5_Contig448_frame_1_DBLa0.9_domNum2_block5,11,16,17,23,27,33,62,142,166,166
SFM-8_S8_L001_Contig2444_frm-2_orf3_DBLa0.13_domNum2_block5,15,24,25,33,37,43,49,61,70,70
IFM-049_S6_Contig3843_frame_3_DBLa1.1_domNum2_block5,18,23,24,34,38,44,64,78,88,88
SFC-18_S20_L002_Contig1155_frm3_orf3_DBLa0.19_domNum2_block5,31,44,60,78,102,108,148,185,227,227
SFM-10_S1_L001_Contig1304_frm-3_orf10_DBLa1.4_domNum2_block5,19,25,27,36,40,46,52,64,73,73
IFM061_S15_Contig756_frame_2_DBLa0.3_domNum2_block5,27,39,50,64,84,90,117,139,162,162
SFM-7_S13_L001_Contig2112_frame_2_DBLa0.9_domNum2_block5,11,16,17,23,27,33,39,51,82,82
SFC17_S7_L001_Contig1000_frm2_orf5_DBLa1.1_domNum2_block5,18,23,24,34,38,44,64,78,88,88
SFU2_S5_L001_Contig997_frame_-1_DBLa0.3_domNum1_block5,17,22,34,44,50,56,75,90,103,103
SFC13_S23_L002_Contig1795_frame_-3_DBLa2_domNum2_block5,17,31,35,45,51,57,69,84,97,97
SFC-21_S22_L002_Contig1720_frm1_orf3_DBLa0.3_domNum2_block5,17,22,23,31,53,59,115,154,181,181
SFM-6_S3_L001_5453_soapGraphK61_frame_1_DBLa0.5_domNum2_block5,6,7,8,12,16,20,25,34,39,39
IFM12_S16_Contig839_frm-1_orf3_DBLa0.5_domNum2_block5,11,16,26,35,39,45,53,65,96,96
IFM050_S11_Contig3424_frame_-1_DBLa0.8_domNum2_block5,11,16,17,24,28,34,40,52,59,59
SFM-7_S13_L001_Contig2136_frame_1_DBLa0.8_domNum2_block5,11,16,17,23,27,33,83,100,116,116
SFC17_S7_L001_Contig2017_frame_1_DBLa0.11_domNum2_block5,5,5,6,8,11,13,18,25,28,28
IFM061_S15_Contig996_frame_1_DBLa0.10_domNum2_block5,30,45,57,75,99,105,145,186,228,228
SFM-7_S13_L001_Contig2138_frm-1_orf3_DBLa0.5_domNum2_block5,2,2,2,3,5,6,6,9,10,10
SFC22_S9_L001_8676_soapGraphK61_frame_-3_DBLa0.8_domNum2_block5,26,38,49,63,81,87,112,134,157,157
SFC22_S9_L001_Contig2392_frm-3_orf4_DBLa1.2_domNum2_block5,19,25,38,49,57,63,78,159,188,188
SFC17_S7_L001_Contig1736_frame_1_DBLa0.16_domNum2_block5,1,1,1,1,1,1,1,1,1,1
IFM26_S8_1976_soapGraphK61_frame_-1_DBLa0.5_domNum2_block5,15,20,21,28,32,38,72,87,100,100
IFM047_S10_Contig1227_frame_2_DBLa0.9_domNum2_block5,6,8,9,13,17,21,26,35,40,40
IFD8_S2_Contig1049_frm1_orf3_DBLa0.5_domNum2_block5,2,2,2,3,3,3,14,18,21,21
IFM050_S11_8338_soapGraphK61_frm3_orf8_DBLa0.12_domNum2_block5,13,18,40,52,61,67,90,107,123,123
SFM-10_S1_L001_Contig2583_frame_-2_DBLa0.13_domNum1_block5,12,17,18,42,47,53,60,74,84,84
SFM-1_S11_L001_Contig2095_frm-3_orf5_DBLa1.1_domNum2_block5,18,23,24,34,38,44,64,78,88,88
IFC63_S16_L001_Contig1594_frame_-2_DBLa0.3_domNum2_block5,17,22,34,44,50,56,75,90,103,103
SFM-8_S8_L001_Contig3016_frm-1_orf5_DBLa1.1_domNum2_block5,18,23,24,34,38,44,64,78,88,88
SFC22_S9_L001_Contig3230_frm-1_orf5_DBLa1.4_domNum2_block5,18,23,24,32,36,42,48,60,69,69
IFM26_S8_Contig204_frm2_orf4_DBLa1.5_domNum2_block5,19,25,27,36,40,46,52,64,73,73
IFM12_S16_Contig556_frame_2_DBLa0.3_domNum2_block5,17,22,34,44,50,56,66,167,203,203
IFM050_S11_Contig2892_frame_3_DBLa0.11_domNum1_block5,24,35,43,57,71,77,99,117,134,134
IFM050_S11_8030_soapGraphK61_frame_1_DBLa0.8_domNum2_block5,11,16,17,24,28,34,40,52,59,59
IFM047_S10_Contig1641_frm-3_orf0_DBLa0.10_domNum2_block5,30,45,57,75,99,105,145,182,224,224
SFU2_S5_L001_Contig1269_frame_-2_DBLa0.5_domNum2_block5,30,43,55,73,105,111,151,191,234,234
IFM26_S8_Contig604_frm3_orf3_DBLa0.1_domNum2_block5,6,11,12,17,21,25,30,39,44,44
SFM-10_S1_L001_Contig2267_frame_1_DBLa0.9_domNum2_block5,6,8,9,13,17,21,26,35,40,40
IFM061_S15_Contig481_frame_1_DBLa0.5_domNum2_block5,6,7,8,12,16,20,25,34,39,39
SFC15-CM_S29_L002_Contig1961_frm1_orf4_DBLa0.4_domNum2_block5,35,50,64,82,108,115,155,198,243,243
SFC22_S9_L001_Contig3222_frame_2_DBLa0.5_domNum2_block5,2,2,2,3,3,3,3,3,3,3
SFM-7_S13_L001_Contig1887_frame_-2_DBLa0.9_domNum2_block5,17,22,23,31,65,71,91,108,124,124
IFC66_S31_L002_Contig1779_frame_-1_DBLa0.9_domNum2_block5,13,18,40,67,87,93,120,143,192,192
IFC66_S31_L002_Contig1839_frm-1_orf4_DBLa0.9_domNum2_block5,30,45,57,75,99,105,145,182,224,224
SFM-1_S11_L001_Contig1590_frame_1_DBLa0.18_domNum2_block5,17,22,41,55,67,73,116,138,161,161
SFC17_S7_L001_Contig1981_frame_1_DBLa0.9_domNum2_block5,11,16,17,23,27,33,39,51,67,67
SXC2_S4_L001_Contig1887_frame_2_DBLa0.5_domNum2_block5,31,44,56,74,98,104,144,181,223,223
SFC17_S7_L001_Contig1750_frame_1_DBLa0.23_domNum2_block5,11,16,26,35,39,45,74,89,102,102
IFM047_S10_Contig981_frame_3_DBLa0.16_domNum2_block5,11,16,17,23,27,33,39,51,58,58
SFC13_S23_L002_Contig2468_frame_-3_DBLa0.9_domNum2_block5,17,22,23,31,35,41,67,82,94,94
SFC14_S17_L001_Contig1221_frame_-1_DBLa0.7_domNum2_block5,6,7,8,11,15,19,24,33,37,37
IFD8_S2_Contig1127_frame_1_DBLa0.16_domNum2_block5,11,16,17,23,27,33,39,51,58,58
SFC-18_S20_L002_Contig1655_frame_-1_DBLa0.1_domNum1_block5,9,12,13,18,22,26,36,45,51,51
SFM-10_S1_L001_7117_soapGraphK61_frame_3_DBLa0.5_domNum2_block5,12,17,18,42,47,53,60,74,148,148
SFM-8_S8_L001_15835_soapGraphK51_frm-2_orf10_DBLa1.2_domNum2_block5,16,29,32,41,46,52,59,73,83,83
SFU-3_S21_L002_Contig1699_frm-1_orf3_DBLa0.7_domNum2_block5,6,7,8,11,15,19,24,33,37,37
IFM21_S3_Contig611_frame_-1_DBLa0.9_domNum1_block5,11,16,17,23,27,33,39,51,82,82
IFM047_S10_Contig1475_frm-2_orf3_DBLa0.5_domNum2_block5,2,2,2,3,3,3,14,18,21,21
IFM047_S10_Contig649_frame_3_DBLa1.1_domNum2_block5,18,23,24,34,38,44,64,78,88,88
IFM21_S3_Contig781_frame_-1_DBLa0.16_domNum1_block5,20,27,29,38,42,48,55,68,77,77
IFM12_S16_Contig664_frame_-2_DBLa1.1_domNum2_block5,19,25,38,54,64,70,87,104,120,120
SFC22_S9_L001_Contig2390_frm-1_orf0_DBLa0.18_domNum1_block5,15,24,30,39,66,72,92,109,125,125
SFC15-CM_S29_L002_Contig1931_frame_-1_DBLa0.3_domNum2_block5,17,22,23,31,35,41,61,75,85,85
SFM-1_S11_L001_Contig2073_frame_1_DBLa0.5_domNum1_block5,15,24,25,33,37,43,49,61,70,70
SFC22_S9_L001_Contig3227_frm-3_orf5_DBLa0.3_domNum2_block5,17,22,23,31,35,41,47,70,93,93
SFC17_S7_L001_Contig1354_frame_-3_DBLa0.11_domNum2_block5,3,3,3,4,4,4,4,4,5,5
IFM53_S14_L001_Contig2114_frm1_orf0_DBLa1.8_domNum1_block5,16,21,22,29,60,66,81,97,112,112
IFM050_S11_Contig1106_frm2_orf6_DBLa0.18_domNum2_block5,15,24,30,39,44,50,124,148,214,214
IFM12_S16_Contig827_frame_-3_DBLa0.5_domNum2_block5,2,2,2,3,5,6,6,14,16,16
IFC66_S31_L002_Contig1545_frame_1_DBLa0.5_domNum1_block5,14,19,20,27,63,69,86,103,119,119
SFM-8_S8_L001_Contig3592_frame_-3_DBLa1.2_domNum2_block5,19,25,38,49,57,63,78,94,108,108
SFM-1_S11_L001_Contig605_frame_-1_DBLa1.6_domNum2_block5,16,29,32,41,83,89,114,136,184,184
SFM-8_S8_L001_Contig3605_frame_3_DBLa0.11_domNum1_block5,31,44,60,78,102,108,148,185,227,227
IFC66_S31_L002_5292_soapGraphK61_frm-2_orf3_DBLa0.12_domNum2_block5,13,18,40,52,61,67,82,170,206,206
SFC22_S9_L001_Contig1118_frm3_orf12_DBLa1.1_domNum2_block5,16,21,22,29,33,39,45,57,64,64
SFC17_S7_L001_Contig1006_frm2_orf5_DBLa1.2_domNum2_block5,16,21,22,29,33,39,45,57,64,64
SFM-10_S1_L001_Contig1816_frame_2_DBLa0.18_domNum1_block5,13,18,40,52,61,67,82,99,114,114
IFC66_S31_L002_5172_soapGraphK61_frm1_orf14_DBLa0.16_domNum2_block5,30,45,58,76,100,106,146,188,247,247
IFM23_S4_Contig474_frame_2_DBLa1.2_domNum2_block5,19,25,38,49,70,76,97,115,131,131
SFC14_S17_L001_Contig1152_frame_-3_DBLa1.1_domNum1_block5,18,23,24,34,38,44,64,78,88,88
IFC66_S31_L002_Contig1571_frm-3_orf14_DBLa0.16_domNum2_block5,30,45,58,76,100,106,146,188,247,247
SFM-8_S8_L001_10480_soapGraphK61_frm3_orf13_DBLa1.1_domNum2_block5,16,21,22,29,33,39,45,92,146,146
SFM-8_S8_L001_Contig1555_frm1_orf0_DBLa1.4_domNum2_block5,18,23,24,32,36,42,48,60,69,69
IFD6_S1_Contig977_frm-2_orf2_DBLa0.5_domNum2_block5,30,46,59,77,101,107,147,184,239,239
SFC15-CM_S29_L002_Contig1064_frame_-1_DBLa0.9_domNum2_block5,11,16,17,24,28,34,88,105,121,121
SFC19_S24_L002_Contig1120_frame_2_DBLa0.9_domNum2_block5,11,16,17,23,27,33,106,126,145,145
IFM21_S3_Contig923_frame_-3_DBLa0.9_domNum1_block5,11,16,26,51,59,65,85,102,118,118
SFC15-CM_S29_L002_Contig1950_frm-3_orf4_DBLa0.12_domNum2_block5,13,18,19,30,34,40,68,83,143,143
SFM-10_S1_L001_Contig1805_frame_-2_DBLa0.11_domNum1_block5,41,56,70,89,115,124,166,209,262,262
IFM53_S14_L001_Contig2718_frame_-2_DBLa1.1_domNum2_block5,18,23,24,34,38,44,64,78,88,88
SFC17_S7_L001_Contig2023_frame_3_DBLa0.16_domNum2_block5,8,10,11,15,19,23,28,37,42,42
IFM050_S11_Contig3393_frame_-3_DBLa0.18_domNum1_block5,15,24,30,39,44,50,124,148,176,176
SFU2_S5_L001_Contig1889_frm-1_orf9_DBLa0.6_domNum2_block5,19,32,37,48,56,62,77,171,208,208
SFM-7_S13_L001_Contig1893_frm1_orf7_DBLa1.7_domNum2_block5,18,40,51,71,91,97,126,153,207,207
IFM058_S13_Contig1101_frame_2_DBLa0.10_domNum2_block5,13,18,19,30,43,49,56,69,78,78
IFM050_S11_Contig3426_frame_-1_DBLa0.12_domNum2_block5,13,18,19,26,30,36,42,131,154,154
IFM-049_S6_Contig40790_frm-2_orf3_DBLa0.11_domNum2_block5,15,20,21,28,32,38,44,56,115,115
IFM050_S11_Contig3383_frm3_orf4_DBLa0.5_domNum2_block5,6,8,9,13,17,21,26,35,40,40
SFM-10_S1_L001_Contig2270_frame_2_DBLa0.13_domNum2_block5,6,7,8,12,16,20,25,34,39,39
IFC63_S16_L001_Contig2029_frame_-3_DBLa0.16_domNum2_block5,20,27,29,38,42,48,55,68,77,77
IFM57_S30_L002_Contig1716_frm-3_orf3_DBLa1.4_domNum2_block5,18,23,24,32,36,42,48,60,69,69
IFM57_S30_L002_Contig604_frame_1_DBLa0.15_domNum2_block5,31,44,56,74,98,104,144,181,222,222
SFC13_S23_L002_Contig2419_frm3_orf3_DBLa0.9_domNum2_block5,11,16,17,23,27,33,39,51,58,58
SFC17_S7_L001_Contig1994_frame_-1_DBLa0.11_domNum2_block5,12,17,18,47,55,61,111,133,156,156
IFM56_S15_Contig938_frame_2_DBLa0.23_domNum2_block5,11,16,17,23,27,33,39,51,58,58
IFM047_S10_Contig1232_frame_-3_DBLa0.9_domNum2_block5,30,45,57,75,99,105,145,182,224,224
SFC15-CM_S29_L002_Contig1979_frame_1_DBLa2_domNum1_block5,30,43,55,73,105,111,151,191,234,234
SFM-7_S13_L001_Contig1062_frm-1_orf3_DBLa0.3_domNum2_block5,17,22,23,31,35,41,47,70,93,93
IFM058_S13_Contig1009_frame_-2_DBLa0.5_domNum2_block5,12,17,18,42,47,53,60,74,148,148
SXC2_S4_L001_Contig1041_frm3_orf0_DBLa0.3_domNum1_block5,17,22,23,31,35,41,61,75,85,85
IFM-049_S6_Contig40737_frame_-1_DBLa0.24_domNum2_block5,7,9,10,14,18,22,27,36,41,41
SFU2_S5_L001_4626_soapGraphK61_frame_-1_DBLa0.5_domNum2_block5,6,7,8,12,16,20,25,34,39,39
IFC63_S16_L001_Contig1848_frame_-2_DBLa0.5_domNum2_block5,6,7,8,16,20,24,29,38,43,43
SFC-18_S20_L002_Contig1729_frm-1_orf4_DBLa0.11_domNum2_block5,12,17,18,25,29,35,41,53,195,195
IFM-049_S6_Contig31541_frame_1_DBLa1.8_domNum2_block5,16,21,22,29,60,66,81,98,186,186
IFM047_S10_Contig1416_frame_1_DBLa1.2_domNum2_block5,16,21,22,29,33,39,45,92,105,105
SFC14_S17_L001_Contig616_frm2_orf4_DBLa0.11_domNum2_block5,31,44,60,78,102,108,148,185,227,227
SFM-10_S1_L001_Contig2564_frame_-2_DBLa0.5_domNum1_block5,6,7,8,16,20,24,29,38,43,43
SFC16_S6_L001_Contig1624_frame_2_DBLa0.6_domNum2_block5,13,18,19,26,30,36,42,54,61,61
IFM061_S15_Contig118_frame_-1_DBLa2_domNum1_block5,17,31,35,45,51,57,69,84,97,97
IFC66_S31_L002_26151_soapGraphK21_frame_-2_DBLa0.12_domNum2_block5,13,18,19,30,34,40,68,83,95,95
IFM-049_S6_Contig40890_frm-3_orf2_DBLa0.16_domNum2_block5,6,7,8,16,20,24,29,46,52,52
IFM-049_S6_Contig34431_frame_1_DBLa0.8_domNum2_block5,13,18,19,30,77,83,105,124,142,142
IFC66_S31_L002_Contig1519_frm-3_orf4_DBLa0.11_domNum2_block5,17,26,28,37,41,47,54,66,75,75
SFC-18_S20_L002_Contig1724_frame_-2_DBLa0.16_domNum2_block5,2,2,2,2,2,2,2,5,6,6
IFM047_S10_Contig1160_frame_2_DBLa0.11_domNum2_block5,17,26,28,37,41,47,54,66,75,75
IFC66_S31_L002_5344_soapGraphK61_frame_2_DBLa0.12_domNum2_block5,13,18,19,30,34,40,68,83,95,95
SFC16_S6_L001_Contig1633_frm3_orf4_DBLa0.19_domNum2_block5,31,44,60,78,102,108,148,185,227,227
IFM054_S12_Contig1007_frame_1_DBLa0.11_domNum1_block5,24,35,43,57,71,77,99,117,134,134
IFM56_S15_Contig1566_frm-3_orf3_DBLa0.5_domNum2_block5,25,37,46,60,75,81,103,122,139,139
SFM-10_S1_L001_Contig1859_frame_-3_DBLa1.8_domNum2_block5,16,21,22,29,33,39,45,57,64,64
IFM27_S9_Contig630_frm-2_orf2_DBLa0.9_domNum2_block5,6,8,9,13,17,21,26,35,40,40
IFM14_S7_Contig566_frm3_orf0_DBLa0.16_domNum1_block5,11,16,17,23,27,33,39,51,58,58
IFM12_S16_Contig342_frame_2_DBLa0.11_domNum2_block5,12,17,18,25,29,35,98,116,133,133
IFM57_S30_L002_Contig999_frame_2_DBLa0.4_domNum2_block5,17,22,23,31,53,59,115,154,190,190
IFM27_S9_Contig377_frame_-2_DBLa0.11_domNum2_block5,12,17,18,47,55,61,76,151,178,178
SFU2_S5_L001_Contig1466_frame_3_DBLa0.10_domNum2_block5,30,45,57,75,99,105,145,182,224,224
SFM-7_S13_L001_5220_soapGraphK61_frame_2_DBLa0.13_domNum1_block5,37,52,66,84,110,117,157,200,254,254
SFC22_S9_L001_Contig3169_frame_3_DBLa0.11_domNum2_block5,24,35,43,57,71,77,133,163,197,197
IFC66_S31_L002_Contig1757_frm1_orf5_DBLa0.15_domNum2_block5,2,2,2,3,3,5,17,23,26,26
IFM53_S14_L001_Contig1129_frame_-3_DBLa1.6_domNum2_block5,16,21,22,29,33,39,45,92,105,105
SFM-7_S13_L001_Contig1550_frame_2_DBLa0.5_domNum2_block5,15,24,30,39,44,50,57,71,80,80
SFC22_S9_L001_Contig3180_frame_1_DBLa1.2_domNum1_block5,16,21,22,29,60,66,81,97,112,112
SFM-3_S12_L001_Contig619_frame_2_DBLa1.4_domNum2_block5,18,23,24,32,36,42,48,60,69,69
SFM-6_S3_L001_Contig1740_frm-3_orf3_DBLa0.5_domNum2_block5,11,16,26,35,39,45,53,65,96,96
IFM23_S4_Contig576_frame_-1_DBLa1.4_domNum2_block5,18,23,24,32,36,42,48,60,69,69
SFC22_S9_L001_Contig2821_frame_3_DBLa0.5_domNum1_block5,25,37,47,61,76,82,104,123,140,140
SFC14_S17_L001_Contig2411_frm2_orf1_DBLa0.5_domNum2_block5,31,44,56,74,98,104,144,181,223,223
SFM-7_S13_L001_Contig1894_frame_2_DBLa0.9_domNum2_block5,11,16,26,51,59,65,80,96,111,111
SXC2_S4_L001_Contig1681_frame_-1_DBLa0.13_domNum1_block5,15,20,21,28,49,55,65,79,89,89
